second,src,dst,packetcount,src_ratio,dst_ratio,src_duration_ratio,dst_duration_ratio,TotalPacketDuration,TotalPacketLenght,src_packet_ratio,dst_packet_ratio,DioCount,DisCount,DaoCount,OtherMsg
60.0,54,67,29,0.7837838,1.0,0.5324789,1.0,0.582000732421875,2871,0.7837838,1.0,29,0,0,0
60.0,52,67,8,0.21621622,1.0,0.46752104,1.0,0.5110015869140625,792,0.21621622,1.0,8,0,0,0
61.0,17,7,1,0.2,1.0,0.020822572,1.0,0.0019989013671875,89,0.2,1.0,0,0,0,1
61.0,22,7,4,0.8,1.0,0.9791774,1.0,0.09399795532226562,356,0.8,1.0,0,0,0,4
62.0,1,0,1,0.5,0.5,0.34578773,0.34578773,0.036998748779296875,106,0.74647886,0.74647886,0,0,0,1
62.0,22,7,1,0.5,0.5,0.6542123,0.6542123,0.06999969482421875,36,0.2535211,0.2535211,0,0,0,5
64.0,57,67,13,0.8666667,0.8666667,0.99887323,0.99887323,0.8860015869140625,1287,0.8784983,0.8784983,13,0,0,0
64.0,34,7,2,0.13333334,0.13333334,0.001126775,0.001126775,0.00099945068359375,178,0.12150171,0.12150171,0,0,0,2
65.0,34,7,4,0.2,0.2,0.88295287,0.88295287,1.4709930419921875,356,0.18350515,0.18350515,0,0,0,6
65.0,57,67,16,0.8,0.8,0.117047146,0.117047146,0.19499969482421875,1584,0.8164948,0.8164948,16,0,0,0
67.0,23,7,4,0.8,0.8,0.82980275,0.82980275,0.2340087890625,303,0.7408313,0.7408313,0,0,0,4
67.0,1,0,1,0.2,0.2,0.17019722,0.17019722,0.04799652099609375,106,0.2591687,0.2591687,0,0,0,2
68.0,19,7,4,0.8,1.0,0.6566841,1.0,0.0879974365234375,356,0.8,1.0,0,0,0,4
68.0,15,7,1,0.2,1.0,0.34331587,1.0,0.0460052490234375,89,0.2,1.0,0,0,0,1
69.0,53,67,11,0.84615386,0.84615386,0.99891007,0.99891007,0.9159927368164062,1089,0.88464665,0.88464665,11,0,0,0
69.0,19,7,1,0.07692308,0.07692308,0.0,0.0,0.0,36,0.029244516,0.029244516,0,0,0,5
69.0,6,0,1,0.07692308,0.07692308,0.0010899227,0.0010899227,0.00099945068359375,106,0.086108856,0.086108856,0,0,0,1
70.0,36,7,1,0.05263158,0.05263158,0.04166575,0.04166575,0.02899932861328125,89,0.047568146,0.047568146,0,0,0,1
70.0,53,67,18,0.94736844,0.94736844,0.95833427,0.95833427,0.6669998168945312,1782,0.95243186,0.95243186,18,0,0,0
71.0,20,7,1,0.2,0.2,0.35338992,0.35338992,0.04700469970703125,89,0.22194514,0.22194514,0,0,0,1
71.0,52,40,4,0.8,0.8,0.6466101,0.6466101,0.08600616455078125,312,0.77805483,0.77805483,0,0,4,0
72.0,4,0,1,0.5,0.5,0.45456648,0.45456648,0.0449981689453125,106,0.74647886,0.74647886,0,0,0,1
72.0,9,7,1,0.5,0.5,0.5454335,0.5454335,0.05399322509765625,36,0.2535211,0.2535211,0,0,0,1
73.0,41,67,7,0.6363636,0.6363636,0.8609349,0.8609349,0.2910003662109375,693,0.66062915,0.66062915,7,0,0,0
73.0,9,7,4,0.36363637,0.36363637,0.13906507,0.13906507,0.04700469970703125,356,0.33937082,0.33937082,0,0,0,5
74.0,41,67,22,1.0,1.0,1.0,1.0,1.73699951171875,2178,1.0,1.0,22,0,0,0
76.0,26,7,5,0.71428573,0.85714287,0.6394112,0.7918262,0.17200469970703125,392,0.6678024,0.81942075,0,0,0,5
76.0,2,0,1,0.14285715,0.14285715,0.2081738,0.2081738,0.055999755859375,106,0.18057922,0.18057922,0,0,0,1
76.0,31,7,1,0.14285715,0.85714287,0.15241499,0.7918262,0.0410003662109375,89,0.15161839,0.81942075,0,0,0,1
77.0,11,7,3,1.0,1.0,1.0,1.0,0.12599945068359375,267,1.0,1.0,0,0,0,3
78.0,1,0,1,0.5,0.5,1.0,1.0,0.03699493408203125,106,0.74647886,0.74647886,0,0,0,3
78.0,11,7,1,0.5,0.5,0.0,0.0,0.0,36,0.2535211,0.2535211,0,0,0,4
79.0,13,7,1,0.16666667,0.8333333,0.253449,1.0,0.0370025634765625,89,0.17871486,0.7871486,0,0,0,1
79.0,18,7,4,0.6666667,0.8333333,0.746551,1.0,0.1089935302734375,303,0.6084337,0.7871486,0,0,0,4
79.0,6,0,1,0.16666667,0.16666667,0.0,0.0,0.0,106,0.2128514,0.2128514,0,0,0,2
81.0,14,7,1,0.5,1.0,1.0,1.0,0.03900146484375,89,0.5,1.0,0,0,0,1
81.0,10,7,1,0.5,1.0,0.0,1.0,0.0,89,0.5,1.0,0,0,0,1
85.0,27,7,4,0.8,0.8,0.77776366,0.77776366,0.13999176025390625,303,0.7408313,0.7408313,0,0,0,4
85.0,3,0,1,0.2,0.2,0.22223635,0.22223635,0.04000091552734375,106,0.2591687,0.2591687,0,0,0,1
86.0,28,7,3,0.75,0.75,0.46837276,0.46837276,0.0370025634765625,214,0.66875,0.66875,0,0,0,3
86.0,5,0,1,0.25,0.25,0.53162724,0.53162724,0.04199981689453125,106,0.33125,0.33125,0,0,0,1
87.0,8,7,1,0.5,1.0,0.41999543,1.0,0.29399871826171875,89,0.5,1.0,0,0,0,1
87.0,28,7,1,0.5,1.0,0.5800046,1.0,0.406005859375,89,0.5,1.0,0,0,0,4
88.0,32,7,1,1.0,1.0,1.0,1.0,0.037994384765625,89,1.0,1.0,0,0,0,1
89.0,12,7,1,1.0,1.0,1.0,1.0,0.06500244140625,89,1.0,1.0,0,0,0,1
90.0,21,7,1,0.16666667,0.8333333,0.22726485,0.78977025,0.04000091552734375,89,0.17871486,0.7871486,0,0,0,1
90.0,25,7,4,0.6666667,0.8333333,0.5625054,0.78977025,0.09900665283203125,303,0.6084337,0.7871486,0,0,0,4
90.0,2,0,1,0.16666667,0.16666667,0.21022974,0.21022974,0.0370025634765625,106,0.2128514,0.2128514,0,0,0,2
91.0,62,67,22,0.9166667,1.0,0.89566565,1.0,0.3090057373046875,2178,0.9166667,1.0,22,0,0,0
91.0,64,67,2,0.083333336,1.0,0.10433436,1.0,0.0359954833984375,198,0.083333336,1.0,2,0,0,0
92.0,64,67,27,0.36486486,1.0,0.48423168,1.0,0.522003173828125,2673,0.36486486,1.0,27,0,0,0
92.0,62,67,7,0.0945946,1.0,0.12894207,1.0,0.13899993896484375,693,0.0945946,1.0,7,0,0,0
92.0,60,67,15,0.2027027,1.0,0.05565621,1.0,0.05999755859375,1485,0.2027027,1.0,15,0,0,0
92.0,51,67,25,0.33783785,1.0,0.33117002,1.0,0.35700225830078125,2475,0.33783785,1.0,25,0,0,0
93.0,46,67,18,0.5,1.0,0.24427503,1.0,0.31999969482421875,1782,0.5,1.0,18,0,0,0
93.0,60,67,14,0.3888889,1.0,0.754962,1.0,0.9889984130859375,1386,0.3888889,1.0,14,0,0,0
93.0,51,67,4,0.11111111,1.0,0.00076294085,1.0,0.00099945068359375,396,0.11111111,1.0,4,0,0,0
94.0,46,67,11,0.32352942,1.0,0.41407254,1.0,0.25299835205078125,1089,0.32352942,1.0,11,0,0,0
94.0,50,67,23,0.6764706,1.0,0.5859274,1.0,0.358001708984375,2277,0.6764706,1.0,23,0,0,0
95.0,50,67,6,0.31578946,1.0,0.73527867,1.0,1.0360107421875,594,0.31578946,1.0,6,0,0,0
95.0,49,67,13,0.68421054,1.0,0.26472133,1.0,0.37299346923828125,1287,0.68421054,1.0,13,0,0,0
96.0,49,67,16,0.8,0.8,0.8123715,0.8123715,0.4069976806640625,1584,0.835443,0.835443,16,0,0,0
96.0,39,46,4,0.2,0.2,0.1876285,0.1876285,0.09400177001953125,312,0.16455697,0.16455697,0,0,4,0
97.0,46,37,1,1.0,1.0,1.0,1.0,0.0500030517578125,78,1.0,1.0,0,0,1,0
99.0,63,67,23,1.0,1.0,1.0,1.0,0.33599853515625,2277,1.0,1.0,23,0,0,0
100.0,63,67,6,0.20689656,0.86206895,0.44023636,0.90962607,0.4530029296875,594,0.2131324,0.8880517,6,0,0,0
100.0,42,67,19,0.6551724,0.86206895,0.46938974,0.90962607,0.483001708984375,1881,0.67491925,0.8880517,19,0,0,0
100.0,57,43,4,0.13793103,0.13793103,0.09037391,0.09037391,0.09299468994140625,312,0.11194833,0.11194833,0,0,4,0
101.0,42,67,10,1.0,1.0,1.0,1.0,1.30999755859375,990,1.0,1.0,10,0,0,0
102.0,1,0,1,0.2,0.2,0.22024432,0.22024432,0.0370025634765625,106,0.2591687,0.2591687,0,0,0,4
102.0,24,7,1,0.2,0.8,0.39285228,0.7797557,0.06600189208984375,36,0.08801956,0.7408313,0,0,0,1
102.0,30,7,1,0.2,0.8,0.0,0.7797557,0.0,89,0.2176039,0.7408313,0,0,0,1
102.0,29,7,2,0.4,0.8,0.3869034,0.7797557,0.06500244140625,178,0.4352078,0.7408313,0,0,0,2
103.0,29,7,2,0.06666667,0.16666667,0.14300084,0.2363023,0.14099884033203125,125,0.04514265,0.14156735,0,0,0,4
103.0,5,0,1,0.033333335,0.033333335,0.039555237,0.039555237,0.03900146484375,106,0.038280968,0.038280968,0,0,0,2
103.0,55,42,5,0.16666667,0.16666667,0.08620596,0.08620596,0.08499908447265625,390,0.14084508,0.14084508,0,0,5,0
103.0,38,67,12,0.4,0.6333333,0.43103755,0.63793653,0.4250030517578125,1188,0.42903575,0.6793066,12,0,0,0
103.0,24,7,3,0.1,0.16666667,0.09330145,0.2363023,0.0919952392578125,267,0.0964247,0.14156735,0,0,0,4
103.0,57,67,7,0.23333333,0.6333333,0.20689896,0.63793653,0.20400238037109375,693,0.25027084,0.6793066,7,0,0,0
104.0,57,67,22,0.5641026,1.0,0.33125672,1.0,0.37200164794921875,2178,0.5641026,1.0,22,0,0,0
104.0,38,67,17,0.43589744,1.0,0.6687433,1.0,0.7509994506835938,1683,0.43589744,1.0,17,0,0,0
105.0,54,67,8,0.53333336,0.53333336,0.3540297,0.3540297,0.227996826171875,792,0.5871016,0.5871016,8,0,0,0
105.0,42,37,2,0.13333334,0.13333334,0.14751633,0.14751633,0.095001220703125,156,0.115641214,0.115641214,0,0,2,0
105.0,56,42,4,0.26666668,0.26666668,0.13975666,0.13975666,0.09000396728515625,312,0.23128243,0.23128243,0,0,4,0
105.0,33,7,1,0.06666667,0.06666667,0.35869732,0.35869732,0.2310028076171875,89,0.065974794,0.065974794,0,0,0,1
106.0,59,63,4,0.08,0.08,0.16574125,0.16574125,0.1790008544921875,312,0.07187284,0.07187284,0,0,4,0
106.0,54,67,21,0.42,0.42,0.25555602,0.25555602,0.2760009765625,2079,0.47892192,0.47892192,21,0,0,0
106.0,57,42,24,0.48,0.48,0.15185295,0.15185295,0.16400146484375,1872,0.43123704,0.43123704,0,0,24,0
106.0,42,37,1,0.02,0.02,0.42684978,0.42684978,0.46099853515625,78,0.01796821,0.01796821,0,0,1,0
107.0,63,37,1,0.14285715,0.14285715,0.1516759,0.1516759,0.11299896240234375,78,0.14285715,0.14285715,0,0,1,0
107.0,57,42,6,0.85714287,0.85714287,0.8483241,0.8483241,0.6320037841796875,468,0.85714287,0.85714287,0,0,6,0
108.0,58,63,4,0.8,0.8,0.12050596,0.12050596,0.12400054931640625,312,0.8,0.8,0,0,4,0
108.0,63,37,1,0.2,0.2,0.8794941,0.8794941,0.904998779296875,78,0.2,0.2,0,0,1,0
109.0,45,67,11,0.78571427,1.0,0.8554775,1.0,0.7340011596679688,1089,0.78571427,1.0,11,0,0,0
109.0,61,67,3,0.21428572,1.0,0.1445225,1.0,0.12400054931640625,297,0.21428572,1.0,3,0,0,0
110.0,61,67,25,0.44642857,1.0,0.41650617,1.0,0.4290008544921875,2475,0.44642857,1.0,25,0,0,0
110.0,45,67,18,0.32142857,1.0,0.2631033,1.0,0.27099609375,1782,0.32142857,1.0,18,0,0,0
110.0,55,67,5,0.08928572,1.0,0.12038902,1.0,0.12400054931640625,495,0.08928572,1.0,5,0,0,0
110.0,40,67,8,0.14285715,1.0,0.20000148,1.0,0.20600128173828125,792,0.14285715,1.0,8,0,0,0
111.0,40,67,21,0.35,1.0,0.39779833,1.0,0.397003173828125,2079,0.35,1.0,21,0,0,0
111.0,55,67,24,0.4,1.0,0.27354178,1.0,0.2729949951171875,2376,0.4,1.0,24,0,0,0
111.0,61,67,2,0.033333335,1.0,0.042083938,1.0,0.04199981689453125,198,0.033333335,1.0,2,0,0,0
111.0,39,67,13,0.21666667,1.0,0.28657594,1.0,0.28600311279296875,1287,0.21666667,1.0,13,0,0,0
112.0,39,67,16,0.61538464,1.0,0.19324535,1.0,0.2689971923828125,1584,0.61538464,1.0,16,0,0,0
112.0,56,67,10,0.3846154,1.0,0.80675465,1.0,1.1230010986328125,990,0.3846154,1.0,10,0,0,0
113.0,56,67,19,1.0,1.0,1.0,1.0,0.5810012817382812,1881,1.0,1.0,19,0,0,0
114.0,54,40,5,0.45454547,0.8181818,0.11255944,0.25947788,0.095001220703125,390,0.45454547,0.8181818,0,0,5,0
114.0,40,37,2,0.18181819,0.18181819,0.74052215,0.74052215,0.6250076293945312,156,0.18181819,0.18181819,0,0,2,0
114.0,41,40,4,0.36363637,0.8181818,0.14691845,0.25947788,0.12400054931640625,312,0.36363637,0.8181818,0,0,4,0
115.0,35,7,1,0.071428575,0.071428575,0.07692966,0.07692966,0.048004150390625,89,0.068885446,0.068885446,0,0,0,1
115.0,40,37,1,0.071428575,0.071428575,0.10897554,0.10897554,0.06800079345703125,78,0.060371518,0.060371518,0,0,1,0
115.0,52,40,3,0.21428572,0.21428572,0.45672402,0.45672402,0.28499603271484375,234,0.18111455,0.18111455,0,0,3,0
115.0,57,67,9,0.64285713,0.64285713,0.3573708,0.3573708,0.22299957275390625,891,0.6896285,0.6896285,9,0,0,0
116.0,57,67,20,0.71428573,1.0,0.1774358,1.0,0.23900604248046875,1980,0.71428573,1.0,20,0,0,0
116.0,43,67,8,0.2857143,1.0,0.8225642,1.0,1.1079940795898438,792,0.2857143,1.0,8,0,0,0
117.0,43,67,21,0.8076923,0.8076923,0.7494776,0.7494776,0.35300445556640625,2079,0.8420413,0.8420413,21,0,0,0
117.0,53,40,4,0.15384616,0.15384616,0.2505224,0.2505224,0.1179962158203125,312,0.12636694,0.12636694,0,0,4,0
117.0,40,37,1,0.03846154,0.03846154,0.0,0.0,0.0,78,0.031591736,0.031591736,0,0,1,0
118.0,44,67,19,1.0,1.0,1.0,1.0,0.7379989624023438,1881,1.0,1.0,19,0,0,0
119.0,44,67,10,0.35714287,1.0,0.4658453,1.0,0.3000030517578125,990,0.35714287,1.0,10,0,0,0
119.0,65,67,18,0.64285713,1.0,0.5341547,1.0,0.343994140625,1782,0.64285713,1.0,18,0,0,0
120.0,65,67,11,1.0,1.0,1.0,1.0,2.0110015869140625,1089,1.0,1.0,11,0,0,0
122.0,11,7,5,0.16666667,0.16666667,0.3420361,0.3420361,0.40599822998046875,392,0.13639526,0.13639526,0,0,0,9
122.0,1,0,1,0.033333335,0.033333335,0.042125426,0.042125426,0.0500030517578125,106,0.036882393,0.036882393,0,0,0,5
122.0,58,67,24,0.8,0.8,0.61583847,0.61583847,0.7310028076171875,2376,0.8267223,0.8267223,24,0,0,0
123.0,58,67,5,0.625,0.625,0.71708226,0.71708226,0.29400634765625,495,0.6496063,0.6496063,5,0,0,0
123.0,19,7,3,0.375,0.375,0.28291774,0.28291774,0.115997314453125,267,0.3503937,0.3503937,0,0,0,8
124.0,6,0,1,0.04761905,0.04761905,0.10782076,0.10782076,0.04000091552734375,106,0.05239743,0.05239743,0,0,0,3
124.0,19,7,1,0.04761905,0.04761905,0.0,0.0,0.0,36,0.017795354,0.017795354,0,0,0,9
124.0,53,67,19,0.9047619,0.9047619,0.89217925,0.89217925,0.33099365234375,1881,0.92980725,0.92980725,19,0,0,0
125.0,53,67,10,0.2,1.0,0.09368906,1.0,0.09200286865234375,990,0.2,1.0,10,0,0,0
125.0,48,67,17,0.34,1.0,0.5509156,1.0,0.5410003662109375,1683,0.34,1.0,17,0,0,0
125.0,47,67,23,0.46,1.0,0.35539535,1.0,0.3489990234375,2277,0.46,1.0,23,0,0,0
126.0,47,67,9,0.20930232,1.0,0.42073557,1.0,0.4219970703125,891,0.20930232,1.0,9,0,0,0
126.0,48,67,12,0.27906978,1.0,0.27019358,1.0,0.27100372314453125,1188,0.27906978,1.0,12,0,0,0
126.0,59,67,22,0.5116279,1.0,0.30907086,1.0,0.30999755859375,2178,0.5116279,1.0,22,0,0,0
127.0,59,67,7,0.7777778,0.7777778,0.85043854,0.85043854,0.48900604248046875,693,0.7956372,0.7956372,7,0,0,0
127.0,14,7,1,0.11111111,0.22222222,0.07478074,0.14956148,0.042999267578125,89,0.1021814,0.2043628,0,0,0,2
127.0,20,7,1,0.11111111,0.22222222,0.07478074,0.14956148,0.042999267578125,89,0.1021814,0.2043628,0,0,0,2
128.0,1,0,1,0.5,0.5,1.0,1.0,0.042999267578125,106,0.74647886,0.74647886,0,0,0,6
128.0,22,7,1,0.5,0.5,0.0,0.0,0.0,36,0.2535211,0.2535211,0,0,0,6
129.0,22,7,4,1.0,1.0,1.0,1.0,0.667999267578125,356,1.0,1.0,0,0,0,10
130.0,66,67,12,1.0,1.0,1.0,1.0,1.24200439453125,1188,1.0,1.0,12,0,0,0
131.0,66,67,17,0.9444444,0.9444444,0.9002337,0.9002337,0.38800048828125,1683,0.94977427,0.94977427,17,0,0,0
131.0,34,7,1,0.055555556,0.055555556,0.09976634,0.09976634,0.042999267578125,89,0.050225735,0.050225735,0,0,0,7
132.0,15,7,1,1.0,1.0,1.0,1.0,0.048004150390625,89,1.0,1.0,0,0,0,2
133.0,49,66,4,0.6666667,0.8333333,0.055843953,0.95619005,0.06500244140625,312,0.6666667,0.8333333,0,0,4,0
133.0,66,37,1,0.16666667,0.16666667,0.043809973,0.043809973,0.050994873046875,78,0.16666667,0.16666667,0,0,1,0
133.0,48,66,1,0.16666667,0.8333333,0.9003461,0.95619005,1.048004150390625,78,0.16666667,0.8333333,0,0,1,0
134.0,48,66,3,0.375,0.375,0.3000218,0.3000218,0.0420074462890625,234,0.37025318,0.37025318,0,0,3,0
134.0,66,37,1,0.125,0.125,0.37140366,0.37140366,0.052001953125,78,0.12341772,0.12341772,0,0,1,0
134.0,26,7,3,0.375,0.375,0.32857454,0.32857454,0.0460052490234375,214,0.3386076,0.3386076,0,0,0,8
134.0,2,0,1,0.125,0.125,0.0,0.0,0.0,106,0.16772152,0.16772152,0,0,0,3
135.0,57,67,29,0.96666664,0.96666664,0.4749232,0.4749232,0.6439971923828125,2871,0.96993244,0.96993244,29,0,0,0
135.0,26,7,1,0.033333335,0.033333335,0.5250768,0.5250768,0.712005615234375,89,0.030067567,0.030067567,0,0,0,9
136.0,28,7,1,1.0,1.0,1.0,1.0,0.3249969482421875,89,1.0,1.0,0,0,0,5
137.0,35,7,1,0.16666667,0.8333333,0.019148344,0.98130393,0.0419921875,89,0.17871486,0.7871486,0,0,0,2
137.0,28,7,4,0.6666667,0.8333333,0.9621556,0.98130393,2.1100006103515625,303,0.6084337,0.7871486,0,0,0,9
137.0,5,0,1,0.16666667,0.16666667,0.018696075,0.018696075,0.0410003662109375,106,0.2128514,0.2128514,0,0,0,3
139.0,17,7,1,1.0,1.0,1.0,1.0,0.048004150390625,89,1.0,1.0,0,0,0,2
140.0,13,7,1,0.25,1.0,0.26813358,1.0,0.0370025634765625,89,0.25,1.0,0,0,0,2
140.0,25,7,3,0.75,1.0,0.7318664,1.0,0.1009979248046875,267,0.75,1.0,0,0,0,7
141.0,2,0,1,0.1,0.1,0.0,0.0,0.0,106,0.113490365,0.113490365,0,0,0,4
141.0,25,7,1,0.1,0.1,0.0,0.0,0.0,36,0.0385439,0.0385439,0,0,0,8
141.0,52,67,8,0.8,0.8,1.0,1.0,1.03900146484375,792,0.8479657,0.8479657,8,0,0,0
142.0,52,67,21,1.0,1.0,1.0,1.0,0.9720001220703125,2079,1.0,1.0,21,0,0,0
143.0,41,67,9,1.0,1.0,1.0,1.0,0.9380035400390625,891,1.0,1.0,9,0,0,0
144.0,27,7,4,0.16666667,0.16666667,0.098076336,0.098076336,0.11700439453125,356,0.15239726,0.15239726,0,0,0,8
144.0,41,67,20,0.8333333,0.8333333,0.90192366,0.90192366,1.07598876953125,1980,0.8476027,0.8476027,20,0,0,0
145.0,2,0,1,0.5,0.5,1.0,1.0,0.061004638671875,106,0.74647886,0.74647886,0,0,0,5
145.0,27,7,1,0.5,0.5,0.0,0.0,0.0,36,0.2535211,0.2535211,0,0,0,9
146.0,16,7,1,1.0,1.0,1.0,1.0,0.0529937744140625,89,1.0,1.0,0,0,0,1
147.0,30,7,1,1.0,1.0,1.0,1.0,0.0789947509765625,89,1.0,1.0,0,0,0,2
148.0,29,7,4,0.8,0.8,0.46900743,0.46900743,0.0529937744140625,303,0.7408313,0.7408313,0,0,0,8
148.0,5,0,1,0.2,0.2,0.53099257,0.53099257,0.05999755859375,106,0.2591687,0.2591687,0,0,0,4
149.0,33,7,1,1.0,1.0,1.0,1.0,0.058990478515625,89,1.0,1.0,0,0,0,2
152.0,21,7,1,1.0,1.0,1.0,1.0,0.0590057373046875,89,1.0,1.0,0,0,0,2
155.0,12,7,1,1.0,1.0,1.0,1.0,0.053009033203125,89,1.0,1.0,0,0,0,2
156.0,18,7,3,1.0,1.0,1.0,1.0,0.15399169921875,267,1.0,1.0,0,0,0,7
157.0,18,7,1,0.5,0.5,1.0,1.0,0.097991943359375,36,0.2535211,0.2535211,0,0,0,8
157.0,6,0,1,0.5,0.5,0.0,0.0,0.0,106,0.74647886,0.74647886,0,0,0,4
160.0,8,7,1,1.0,1.0,1.0,1.0,0.05499267578125,89,1.0,1.0,0,0,0,2
162.0,32,7,1,1.0,1.0,1.0,1.0,0.0619964599609375,89,1.0,1.0,0,0,0,2
164.0,31,7,1,1.0,1.0,1.0,1.0,0.066009521484375,89,1.0,1.0,0,0,0,2
167.0,43,37,1,1.0,1.0,1.0,1.0,1.0659942626953125,78,1.0,1.0,0,0,1,0
168.0,10,7,1,0.5,0.5,0.0,0.0,0.0,89,0.47340426,0.47340426,0,0,0,2
168.0,57,67,1,0.5,0.5,1.0,1.0,0.0579986572265625,99,0.5265958,0.5265958,1,0,0,0
169.0,57,67,28,1.0,1.0,1.0,1.0,5.1060028076171875,2772,1.0,1.0,28,0,0,0
174.0,23,7,4,1.0,1.0,1.0,1.0,1.3480072021484375,356,1.0,1.0,0,0,0,8
175.0,1,0,1,0.5,0.5,1.0,1.0,0.0609893798828125,106,0.74647886,0.74647886,0,0,0,7
175.0,23,7,1,0.5,0.5,0.0,0.0,0.0,36,0.2535211,0.2535211,0,0,0,9
176.0,36,7,1,1.0,1.0,1.0,1.0,0.0540008544921875,89,1.0,1.0,0,0,0,2
177.0,24,7,1,1.0,1.0,0.0,0.0,0.0,36,1.0,1.0,0,0,0,5
178.0,24,7,3,0.75,0.75,0.09057815,0.09057815,0.2239990234375,267,0.7158177,0.7158177,0,0,0,8
178.0,1,0,1,0.25,0.25,0.90942186,0.90942186,2.248992919921875,106,0.2841823,0.2841823,0,0,0,8
180.0,9,7,4,1.0,1.0,1.0,1.0,0.082000732421875,356,1.0,1.0,0,0,0,9
181.0,4,0,1,0.5,0.5,1.0,1.0,0.0670013427734375,106,0.74647886,0.74647886,0,0,0,2
181.0,9,7,1,0.5,0.5,0.0,0.0,0.0,36,0.2535211,0.2535211,0,0,0,10
182.0,6,0,1,0.14285715,0.2857143,0.18086272,0.43087286,0.0680084228515625,106,0.17549668,0.35099337,0,0,0,5
182.0,24,7,5,0.71428573,0.71428573,0.56912714,0.56912714,0.2140045166015625,392,0.6490066,0.6490066,0,0,0,13
182.0,1,0,1,0.14285715,0.2857143,0.25001013,0.43087286,0.0940093994140625,106,0.17549668,0.35099337,0,0,0,9
183.0,18,7,5,0.71428573,0.85714287,1.0,1.0,0.162994384765625,392,0.7340824,0.8014981,0,0,0,13
183.0,6,0,1,0.14285715,0.14285715,0.0,0.0,0.0,106,0.19850187,0.19850187,0,0,0,6
183.0,28,7,1,0.14285715,0.85714287,0.0,1.0,0.0,36,0.06741573,0.8014981,0,0,0,10
184.0,32,7,1,0.2,0.8,0.039951235,0.16043386,0.0630035400390625,89,0.19264069,0.77056277,0,0,0,3
184.0,28,7,3,0.6,0.8,0.12048262,0.16043386,0.19000244140625,267,0.5779221,0.77056277,0,0,0,13
184.0,5,0,1,0.2,0.2,0.8395661,0.8395661,1.324005126953125,106,0.22943723,0.22943723,0,0,0,5
185.0,12,7,1,1.0,1.0,1.0,1.0,0.055999755859375,89,1.0,1.0,0,0,0,3
187.0,27,7,3,0.75,0.75,0.6687649,0.6687649,0.10699462890625,214,0.66875,0.66875,0,0,0,12
187.0,2,0,1,0.25,0.25,0.3312351,0.3312351,0.0529937744140625,106,0.33125,0.33125,0,0,0,6
188.0,27,7,1,0.25,1.0,0.82916075,1.0,0.3300018310546875,89,0.25,1.0,0,0,0,13
188.0,11,7,3,0.75,1.0,0.17083925,1.0,0.0679931640625,267,0.75,1.0,0,0,0,12
189.0,1,0,1,0.5,0.5,1.0,1.0,0.08599853515625,106,0.74647886,0.74647886,0,0,0,10
189.0,11,7,1,0.5,0.5,0.0,0.0,0.0,36,0.2535211,0.2535211,0,0,0,13
192.0,17,7,1,1.0,1.0,1.0,1.0,0.0619964599609375,89,1.0,1.0,0,0,0,3
194.0,15,7,1,1.0,1.0,1.0,1.0,0.0399932861328125,89,1.0,1.0,0,0,0,3
198.0,33,7,1,1.0,1.0,1.0,1.0,0.0410003662109375,89,1.0,1.0,0,0,0,3
199.0,25,7,4,1.0,1.0,1.0,1.0,0.09600830078125,356,1.0,1.0,0,0,0,12
200.0,2,0,1,0.5,0.5,1.0,1.0,0.042999267578125,106,0.74647886,0.74647886,0,0,0,7
200.0,25,7,1,0.5,0.5,0.0,0.0,0.0,36,0.2535211,0.2535211,0,0,0,13
201.0,8,7,1,1.0,1.0,1.0,1.0,0.03900146484375,89,1.0,1.0,0,0,0,3
203.0,38,67,16,1.0,1.0,1.0,1.0,1.082000732421875,1584,1.0,1.0,16,0,0,0
204.0,38,67,13,0.9285714,0.9285714,0.86533487,0.86533487,0.3470001220703125,1287,0.9353198,0.9353198,13,0,0,0
204.0,35,7,1,0.071428575,0.071428575,0.13466515,0.13466515,0.0540008544921875,89,0.06468023,0.06468023,0,0,0,3
205.0,63,67,18,0.94736844,0.94736844,0.9558808,0.9558808,0.845001220703125,1782,0.95243186,0.95243186,18,0,0,0
205.0,30,7,1,0.05263158,0.05263158,0.04411917,0.04411917,0.03900146484375,89,0.047568146,0.047568146,0,0,0,3
206.0,63,67,11,1.0,1.0,1.0,1.0,1.4940032958984375,1089,1.0,1.0,11,0,0,0
207.0,55,67,3,1.0,1.0,1.0,1.0,0.1100006103515625,297,1.0,1.0,3,0,0,0
208.0,55,67,26,0.5777778,1.0,0.70391995,1.0,0.6989898681640625,2574,0.5777778,1.0,26,0,0,0
208.0,51,67,19,0.42222223,1.0,0.29608002,1.0,0.29400634765625,1881,0.42222223,1.0,19,0,0,0
209.0,51,67,10,0.625,1.0,0.816218,1.0,0.6439971923828125,990,0.625,1.0,10,0,0,0
209.0,58,67,6,0.375,1.0,0.18378201,1.0,0.1450042724609375,594,0.375,1.0,6,0,0,0
210.0,58,67,23,0.9259259,0.8518519,0.5894275,0.30385497,0.2989959716796875,2277,0.9318269,0.8720797,23,0,0,0
210.0,58,63,2,0.9259259,0.074074075,0.5894275,0.2855725,0.281005859375,156,0.9318269,0.059747223,0,0,2,0
210.0,31,7,1,0.037037037,0.074074075,0.36482757,0.4105725,0.3589935302734375,89,0.034086555,0.06817311,0,0,0,3
210.0,19,7,1,0.037037037,0.074074075,0.045744944,0.4105725,0.045013427734375,89,0.034086555,0.06817311,0,0,0,10
211.0,19,7,3,0.42857143,0.42857143,0.72195023,0.72195023,0.2700042724609375,214,0.38628158,0.38628158,0,0,0,13
211.0,6,0,1,0.14285715,0.14285715,0.11497348,0.11497348,0.042999267578125,106,0.19133574,0.19133574,0,0,0,7
211.0,58,63,2,0.2857143,0.2857143,0.0026519787,0.0026519787,0.0009918212890625,156,0.28158844,0.28158844,0,0,2,0
211.0,63,37,1,0.14285715,0.14285715,0.16042432,0.16042432,0.05999755859375,78,0.14079422,0.14079422,0,0,1,0
212.0,59,63,3,0.5,0.5,0.30000663,0.30000663,0.069000244140625,234,0.477551,0.477551,0,0,3,0
212.0,36,7,1,0.16666667,0.33333334,0.20002654,0.6999934,0.0460052490234375,89,0.18163265,0.3632653,0,0,0,3
212.0,63,37,1,0.16666667,0.16666667,0.0,0.0,0.0,78,0.15918367,0.15918367,0,0,1,0
212.0,26,7,1,0.16666667,0.33333334,0.49996683,0.6999934,0.114990234375,89,0.18163265,0.3632653,0,0,0,10
213.0,26,7,4,0.6666667,0.6666667,0.015901973,0.015901973,0.0460205078125,303,0.6221766,0.6221766,0,0,0,14
213.0,2,0,1,0.16666667,0.16666667,0.022803724,0.022803724,0.0659942626953125,106,0.21765913,0.21765913,0,0,0,8
213.0,59,63,1,0.16666667,0.16666667,0.9612943,0.9612943,2.7819976806640625,78,0.16016427,0.16016427,0,0,1,0
216.0,20,7,1,0.04761905,0.04761905,0.115974516,0.115974516,0.0449981689453125,89,0.04301595,0.04301595,0,0,0,3
216.0,54,67,20,0.95238096,0.95238096,0.88402545,0.88402545,0.3430023193359375,1980,0.95698404,0.95698404,20,0,0,0
217.0,54,67,9,0.9,0.9,0.9528006,0.9528006,0.847991943359375,891,0.9091837,0.9091837,9,0,0,0
217.0,34,7,1,0.1,0.1,0.04719941,0.04719941,0.0420074462890625,89,0.09081633,0.09081633,0,0,0,8
218.0,10,7,1,1.0,1.0,1.0,1.0,0.0449981689453125,89,1.0,1.0,0,0,0,3
219.0,46,67,16,1.0,1.0,1.0,1.0,0.2859954833984375,1584,1.0,1.0,16,0,0,0
220.0,46,67,13,0.7222222,1.0,0.8567235,1.0,0.855010986328125,1287,0.7222222,1.0,13,0,0,0
220.0,62,67,5,0.2777778,1.0,0.14327651,1.0,0.1429901123046875,495,0.2777778,1.0,5,0,0,0
221.0,62,67,24,1.0,1.0,1.0,1.0,1.1370086669921875,2376,1.0,1.0,24,0,0,0
222.0,47,67,12,1.0,1.0,1.0,1.0,0.907989501953125,1188,1.0,1.0,12,0,0,0
223.0,14,7,1,0.045454547,0.045454547,0.059941553,0.059941553,0.0410003662109375,89,0.042706333,0.042706333,0,0,0,3
223.0,47,67,17,0.77272725,0.77272725,0.7499944,0.7499944,0.51300048828125,1683,0.8075816,0.8075816,17,0,0,0
223.0,39,46,3,0.13636364,0.13636364,0.13012247,0.13012247,0.0890045166015625,234,0.11228407,0.11228407,0,0,3,0
223.0,46,37,1,0.045454547,0.045454547,0.059941553,0.059941553,0.0410003662109375,78,0.03742802,0.03742802,0,0,1,0
224.0,46,37,1,1.0,1.0,1.0,1.0,0.0410003662109375,78,1.0,1.0,0,0,1,0
225.0,13,7,1,1.0,1.0,1.0,1.0,0.037994384765625,89,1.0,1.0,0,0,0,3
226.0,42,67,22,0.6666667,1.0,0.70422345,1.0,0.7190093994140625,2178,0.6666667,1.0,22,0,0,0
226.0,39,67,11,0.33333334,1.0,0.29577655,1.0,0.3019866943359375,1089,0.33333334,1.0,11,0,0,0
227.0,39,67,18,0.62068963,1.0,0.42728803,1.0,0.4260101318359375,1782,0.62068963,1.0,18,0,0,0
227.0,42,67,7,0.2413793,1.0,0.38515458,1.0,0.384002685546875,693,0.2413793,1.0,7,0,0,0
227.0,40,67,4,0.13793103,1.0,0.1875574,1.0,0.1869964599609375,396,0.13793103,1.0,4,0,0,0
228.0,40,67,25,0.5813953,1.0,0.7009096,1.0,0.688995361328125,2475,0.5813953,1.0,25,0,0,0
228.0,43,67,18,0.41860464,1.0,0.2990904,1.0,0.29400634765625,1782,0.41860464,1.0,18,0,0,0
229.0,43,67,11,0.23913044,0.9782609,0.24320967,0.8488312,0.2509918212890625,1089,0.23965669,0.98041373,11,0,0,0
229.0,60,67,8,0.17391305,0.9782609,0.24418554,0.8488312,0.2519989013671875,792,0.17429577,0.98041373,8,0,0,0
229.0,16,7,1,0.02173913,0.02173913,0.15116881,0.15116881,0.156005859375,89,0.019586267,0.019586267,0,0,0,2
229.0,56,67,26,0.5652174,0.9782609,0.36143598,0.8488312,0.3730010986328125,2574,0.56646127,0.98041373,26,0,0,0
230.0,56,67,3,0.125,1.0,0.3474417,1.0,0.360992431640625,297,0.125,1.0,3,0,0,0
230.0,60,67,21,0.875,1.0,0.6525583,1.0,0.678009033203125,2079,0.875,1.0,21,0,0,0
231.0,57,42,4,0.9444444,0.22222222,0.8995297,0.18947919,0.0829925537109375,312,0.95348835,0.18604651,0,0,4,0
231.0,42,37,1,0.055555556,0.055555556,0.100470304,0.100470304,0.04400634765625,78,0.046511628,0.046511628,0,0,1,0
231.0,57,67,13,0.9444444,0.7222222,0.8995297,0.7100505,0.311004638671875,1287,0.95348835,0.76744187,13,0,0,0
232.0,57,67,16,0.7619048,0.7619048,0.40762767,0.40762767,0.3419952392578125,1584,0.8024316,0.8024316,16,0,0,0
232.0,54,40,1,0.04761905,0.04761905,0.45531428,0.45531428,0.3820037841796875,78,0.039513677,0.039513677,0,0,1,0
232.0,56,42,3,0.14285715,0.14285715,0.08700713,0.08700713,0.072998046875,234,0.11854103,0.11854103,0,0,3,0
232.0,42,37,1,0.04761905,0.04761905,0.050050925,0.050050925,0.0419921875,78,0.039513677,0.039513677,0,0,1,0
233.0,53,40,3,0.27272728,0.45454547,0.2772734,0.40500072,0.0890045166015625,234,0.27272728,0.45454547,0,0,3,0
233.0,40,37,2,0.18181819,0.27272728,0.14018159,0.14327137,0.0449981689453125,156,0.18181819,0.27272728,0,0,2,0
233.0,54,40,2,0.18181819,0.45454547,0.12772734,0.40500072,0.0410003662109375,156,0.18181819,0.45454547,0,0,2,0
233.0,55,42,3,0.27272728,0.27272728,0.4517279,0.4517279,0.1450042724609375,234,0.27272728,0.27272728,0,0,3,0
233.0,42,37,1,0.09090909,0.27272728,0.0030897942,0.14327137,0.0009918212890625,78,0.09090909,0.27272728,0,0,1,0
234.0,41,40,4,0.8,0.8,0.9938214,0.9938214,0.1619873046875,312,0.8,0.8,0,0,4,0
234.0,40,37,1,0.2,0.2,0.0061786184,0.0061786184,0.001007080078125,78,0.2,0.2,0,0,1,0
235.0,50,67,20,1.0,1.0,1.0,1.0,0.332000732421875,1980,1.0,1.0,20,0,0,0
236.0,50,67,9,0.39130434,0.39130434,0.6510631,0.6510631,0.27801513671875,891,0.42713326,0.42713326,9,0,0,0
236.0,9,7,4,0.17391305,0.17391305,0.13114168,0.13114168,0.055999755859375,303,0.14525408,0.14525408,0,0,0,14
236.0,52,40,5,0.2173913,0.2173913,0.21779525,0.21779525,0.0930023193359375,390,0.1869607,0.1869607,0,0,5,0
236.0,4,0,4,0.17391305,0.17391305,0.0,0.0,0.0,424,0.20325983,0.20325983,0,0,0,6
236.0,40,37,1,0.04347826,0.04347826,0.0,0.0,0.0,78,0.03739214,0.03739214,0,0,1,0
237.0,52,40,3,1.0,1.0,1.0,1.0,0.08599853515625,234,1.0,1.0,0,0,3,0
238.0,22,7,5,0.41666666,0.8333333,0.4694799,0.8713935,0.14599609375,392,0.3935743,0.7871486,0,0,0,15
238.0,1,0,2,0.16666667,0.16666667,0.12860648,0.12860648,0.0399932861328125,212,0.2128514,0.2128514,0,0,0,12
238.0,23,7,5,0.41666666,0.8333333,0.40191364,0.8713935,0.1249847412109375,392,0.3935743,0.7871486,0,0,0,14
239.0,49,67,28,1.0,1.0,1.0,1.0,0.9430084228515625,2772,1.0,1.0,28,0,0,0
240.0,49,67,1,1.0,1.0,1.0,1.0,1.061004638671875,99,1.0,1.0,1,0,0,0
242.0,21,7,1,0.33333334,1.0,0.73235565,1.0,0.300994873046875,89,0.33333334,1.0,0,0,0,3
242.0,29,7,2,0.6666667,1.0,0.26764432,1.0,0.1100006103515625,178,0.6666667,1.0,0,0,0,10
243.0,29,7,2,0.6666667,0.6666667,0.023619186,0.023619186,0.0009918212890625,125,0.54112554,0.54112554,0,0,0,12
243.0,5,0,1,0.33333334,0.33333334,0.9763808,0.9763808,0.0410003662109375,106,0.45887446,0.45887446,0,0,0,6
245.0,66,67,16,0.8888889,0.8888889,0.85917693,0.85917693,0.60400390625,1584,0.8989784,0.8989784,0,0,0,16
245.0,24,7,2,0.11111111,0.11111111,0.14082307,0.14082307,0.0989990234375,178,0.101021565,0.101021565,0,0,0,15
246.0,24,7,3,0.16666667,0.22222222,0.085621715,0.17124343,0.0500030517578125,214,0.12617925,0.17865565,0,0,0,18
246.0,1,0,1,0.055555556,0.055555556,0.08047449,0.08047449,0.0469970703125,106,0.0625,0.0625,0,0,0,13
246.0,66,67,13,0.7222222,0.7222222,0.7482821,0.7482821,0.4369964599609375,1287,0.7588443,0.7588443,0,0,0,29
246.0,34,7,1,0.055555556,0.22222222,0.085621715,0.17124343,0.0500030517578125,89,0.052476414,0.17865565,0,0,0,9
247.0,20,7,1,0.16666667,0.8333333,0.0,0.7289024,0.0,89,0.17871486,0.7871486,0,0,0,4
247.0,28,7,4,0.6666667,0.8333333,0.7289024,0.7289024,0.1209869384765625,303,0.6084337,0.7871486,0,0,0,17
247.0,5,0,1,0.16666667,0.16666667,0.27109763,0.27109763,0.0449981689453125,106,0.2128514,0.2128514,0,0,0,7
248.0,18,7,3,1.0,1.0,1.0,1.0,0.0919952392578125,267,1.0,1.0,0,0,0,16
249.0,48,66,4,0.2,0.2,0.11111433,0.11111433,0.11700439453125,312,0.17152281,0.17152281,0,0,4,0
249.0,66,37,1,0.05,0.05,0.048427764,0.048427764,0.050994873046875,78,0.042880703,0.042880703,0,0,1,0
249.0,44,67,13,0.65,0.65,0.7730329,0.7730329,0.8140106201171875,1287,0.70753163,0.70753163,13,0,0,0
249.0,6,0,1,0.05,0.05,0.06648312,0.06648312,0.07000732421875,106,0.058273777,0.058273777,0,0,0,8
249.0,18,7,1,0.05,0.05,0.0009418925,0.0009418925,0.0009918212890625,36,0.019791095,0.019791095,0,0,0,17
250.0,44,67,16,0.9411765,0.9411765,0.8838876,0.8838876,0.334991455078125,1584,0.94680214,0.94680214,16,0,0,0
250.0,17,7,1,0.05882353,0.05882353,0.11611241,0.11611241,0.04400634765625,89,0.05319785,0.05319785,0,0,0,4
251.0,66,37,1,1.0,1.0,0.0,0.0,0.0,78,1.0,1.0,0,0,1,0
252.0,49,66,5,1.0,1.0,1.0,1.0,0.09100341796875,390,1.0,1.0,0,0,5,0
253.0,61,67,12,0.6666667,0.6666667,0.9003557,0.9003557,1.011993408203125,1188,0.7046263,0.7046263,12,0,0,0
253.0,9,7,5,0.2777778,0.2777778,0.098761916,0.098761916,0.1110076904296875,392,0.23250297,0.23250297,0,0,0,19
253.0,4,0,1,0.055555556,0.055555556,0.0008824088,0.0008824088,0.0009918212890625,106,0.062870696,0.062870696,0,0,0,7
254.0,61,67,17,0.9444444,0.9444444,0.924312,0.924312,0.51300048828125,1683,0.94977427,0.94977427,17,0,0,0
254.0,31,7,1,0.055555556,0.055555556,0.07568801,0.07568801,0.0420074462890625,89,0.050225735,0.050225735,0,0,0,4
255.0,52,67,6,1.0,1.0,1.0,1.0,0.1599884033203125,594,1.0,1.0,6,0,0,0
256.0,52,67,23,1.0,1.0,1.0,1.0,1.639007568359375,2277,1.0,1.0,23,0,0,0
257.0,64,67,19,1.0,1.0,1.0,1.0,0.3699951171875,1881,1.0,1.0,19,0,0,0
258.0,64,67,10,1.0,1.0,1.0,1.0,2.78399658203125,990,1.0,1.0,10,0,0,0
260.0,53,67,13,1.0,1.0,1.0,1.0,0.22100830078125,1287,1.0,1.0,13,0,0,0
261.0,53,67,16,0.41025642,1.0,0.44857943,1.0,0.649993896484375,1584,0.41025642,1.0,16,0,0,0
261.0,65,67,23,0.5897436,1.0,0.55142057,1.0,0.79901123046875,2277,0.5897436,1.0,23,0,0,0
262.0,65,67,6,0.20689656,1.0,0.19158249,1.0,0.191009521484375,594,0.20689656,1.0,6,0,0,0
262.0,45,67,23,0.79310346,1.0,0.8084175,1.0,0.805999755859375,2277,0.79310346,1.0,23,0,0,0
263.0,45,67,6,0.85714287,0.85714287,0.9280422,0.9280422,0.5159912109375,594,0.8696925,0.8696925,6,0,0,0
263.0,11,7,1,0.14285715,0.14285715,0.07195785,0.07195785,0.040008544921875,89,0.13030747,0.13030747,0,0,0,14
264.0,11,7,3,0.75,0.75,0.73206174,0.73206174,0.12298583984375,214,0.66875,0.66875,0,0,0,17
264.0,1,0,1,0.25,0.25,0.26793823,0.26793823,0.045013427734375,106,0.33125,0.33125,0,0,0,14
265.0,36,7,1,1.0,1.0,1.0,1.0,0.040985107421875,89,1.0,1.0,0,0,0,4
266.0,35,7,1,1.0,1.0,1.0,1.0,1.040008544921875,89,1.0,1.0,0,0,0,4
267.0,23,7,1,1.0,1.0,1.0,1.0,0.04400634765625,89,1.0,1.0,0,0,0,15
268.0,23,7,3,0.75,0.75,0.834605,0.834605,0.21697998046875,214,0.66875,0.66875,0,0,0,18
268.0,1,0,1,0.25,0.25,0.165395,0.165395,0.042999267578125,106,0.33125,0.33125,0,0,0,15
270.0,19,7,1,1.0,1.0,1.0,1.0,0.076019287109375,89,1.0,1.0,0,0,0,14
271.0,19,7,3,0.125,0.125,0.00234759,0.00234759,0.0009765625,214,0.09304348,0.09304348,0,0,0,17
271.0,6,0,1,0.041666668,0.041666668,0.11297777,0.11297777,0.0469970703125,106,0.046086956,0.046086956,0,0,0,9
271.0,48,67,20,0.8333333,0.8333333,0.88467467,0.88467467,0.368011474609375,1980,0.8608696,0.8608696,20,0,0,0
272.0,59,67,22,0.7096774,1.0,0.30557767,1.0,0.4219970703125,2178,0.7096774,1.0,22,0,0,0
272.0,48,67,9,0.29032257,1.0,0.69442236,1.0,0.958984375,891,0.29032257,1.0,9,0,0,0
273.0,59,67,7,1.0,1.0,1.0,1.0,1.490020751953125,693,1.0,1.0,7,0,0,0
274.0,27,7,3,1.0,1.0,1.0,1.0,0.11199951171875,267,1.0,1.0,0,0,0,16
275.0,2,0,1,0.2,0.4,0.4538476,0.72982585,0.073974609375,106,0.2841823,0.5683646,0,0,0,9
275.0,27,7,1,0.2,0.6,0.0061786184,0.27017412,0.001007080078125,36,0.09651475,0.43163538,0,0,0,17
275.0,14,7,1,0.2,0.6,0.2639955,0.27017412,0.04302978515625,89,0.2386059,0.43163538,0,0,0,4
275.0,1,0,1,0.2,0.4,0.27597827,0.72982585,0.04498291015625,106,0.2841823,0.5683646,0,0,0,16
275.0,22,7,1,0.2,0.6,0.0,0.27017412,0.0,36,0.09651475,0.43163538,0,0,0,16
276.0,22,7,3,1.0,1.0,1.0,1.0,0.08599853515625,267,1.0,1.0,0,0,0,19
277.0,15,7,1,1.0,1.0,1.0,1.0,0.0419921875,89,1.0,1.0,0,0,0,4
282.0,12,7,1,1.0,1.0,1.0,1.0,1.295989990234375,89,1.0,1.0,0,0,0,4
283.0,16,7,1,1.0,1.0,1.0,1.0,0.037994384765625,89,1.0,1.0,0,0,0,3
285.0,33,7,1,1.0,1.0,1.0,1.0,0.040008544921875,89,1.0,1.0,0,0,0,4
288.0,41,67,17,1.0,1.0,1.0,1.0,0.805999755859375,1683,1.0,1.0,17,0,0,0
289.0,8,7,1,0.07692308,0.07692308,0.023149004,0.023149004,0.0419921875,89,0.06969459,0.06969459,0,0,0,4
289.0,41,67,12,0.9230769,0.9230769,0.976851,0.976851,1.772003173828125,1188,0.9303054,0.9303054,12,0,0,0
291.0,25,7,4,0.8,0.8,1.0,1.0,0.1610107421875,356,0.77056277,0.77056277,0,0,0,17
291.0,2,0,1,0.2,0.2,0.0,0.0,0.0,106,0.22943723,0.22943723,0,0,0,10
292.0,25,7,1,1.0,1.0,0.0,0.0,0.0,36,1.0,1.0,0,0,0,18
295.0,10,7,1,0.16666667,0.8333333,0.24381165,0.7439047,0.03997802734375,89,0.1615245,0.8076225,0,0,0,4
295.0,26,7,4,0.6666667,0.8333333,0.50009304,0.7439047,0.082000732421875,356,0.646098,0.8076225,0,0,0,18
295.0,2,0,1,0.16666667,0.16666667,0.2560953,0.2560953,0.0419921875,106,0.1923775,0.1923775,0,0,0,11
296.0,26,7,1,1.0,1.0,0.0,0.0,0.0,36,1.0,1.0,0,0,0,19
298.0,29,7,4,0.8,0.8,0.6717913,0.6717913,0.0880126953125,356,0.77056277,0.77056277,0,0,0,16
298.0,5,0,1,0.2,0.2,0.3282087,0.3282087,0.042999267578125,106,0.22943723,0.22943723,0,0,0,8
299.0,29,7,1,1.0,1.0,0.0,0.0,0.0,36,1.0,1.0,0,0,0,17
300.0,13,7,1,1.0,1.0,1.0,1.0,0.052001953125,89,1.0,1.0,0,0,0,4
302.0,21,7,1,1.0,1.0,1.0,1.0,0.0419921875,89,1.0,1.0,0,0,0,4
304.0,32,7,1,1.0,1.0,1.0,1.0,0.071990966796875,89,1.0,1.0,0,0,0,4
305.0,30,7,1,1.0,1.0,1.0,1.0,0.037994384765625,89,1.0,1.0,0,0,0,4
306.0,36,7,1,0.5,1.0,0.5,1.0,0.03900146484375,89,0.5,1.0,0,0,0,5
306.0,12,7,1,0.5,1.0,0.5,1.0,0.03900146484375,89,0.5,1.0,0,0,0,5
308.0,32,7,1,0.5,1.0,0.47562337,1.0,0.03900146484375,89,0.5,1.0,0,0,0,5
308.0,30,7,1,0.5,1.0,0.52437663,1.0,0.042999267578125,89,0.5,1.0,0,0,0,5
315.0,34,7,1,0.33333334,1.0,0.33866602,1.0,0.0419921875,89,0.33333334,1.0,0,0,0,10
315.0,10,7,1,0.33333334,1.0,0.33866602,1.0,0.0419921875,89,0.33333334,1.0,0,0,0,5
315.0,15,7,1,0.33333334,1.0,0.322668,1.0,0.040008544921875,89,0.33333334,1.0,0,0,0,5
316.0,31,7,1,1.0,1.0,1.0,1.0,2.061004638671875,89,1.0,1.0,0,0,0,5
318.0,18,7,3,0.75,0.75,0.9030719,0.9030719,0.410003662109375,214,0.66875,0.66875,0,0,0,20
318.0,6,0,1,0.25,0.25,0.09692814,0.09692814,0.04400634765625,106,0.33125,0.33125,0,0,0,10
319.0,13,7,1,0.33333334,1.0,0.020196456,1.0,0.0469970703125,89,0.33333334,1.0,0,0,0,5
319.0,18,7,2,0.6666667,1.0,0.97980356,1.0,2.279998779296875,178,0.6666667,1.0,0,0,0,22
321.0,57,67,6,1.0,1.0,1.0,1.0,0.18701171875,594,1.0,1.0,6,0,0,0
322.0,57,67,23,1.0,1.0,1.0,1.0,2.885986328125,2277,1.0,1.0,23,0,0,0
324.0,24,7,3,1.0,1.0,1.0,1.0,0.040008544921875,267,1.0,1.0,0,0,0,21
325.0,1,0,1,0.33333334,0.33333334,0.30154812,0.30154812,0.041015625,106,0.45887446,0.45887446,0,0,0,17
325.0,24,7,1,0.33333334,0.6666667,0.30132377,0.6984519,0.040985107421875,36,0.15584415,0.54112554,0,0,0,22
325.0,21,7,1,0.33333334,0.6666667,0.3971281,0.6984519,0.05401611328125,89,0.38528138,0.54112554,0,0,0,5
326.0,23,7,1,1.0,1.0,1.0,1.0,0.722015380859375,36,1.0,1.0,0,0,0,19
327.0,23,7,4,0.5,0.875,0.35684437,0.53735596,0.1719970703125,356,0.4883402,0.85459536,0,0,0,23
327.0,1,0,1,0.125,0.125,0.46264404,0.46264404,0.222991943359375,106,0.14540467,0.14540467,0,0,0,18
327.0,25,7,3,0.375,0.875,0.1805116,0.53735596,0.087005615234375,267,0.36625513,0.85459536,0,0,0,21
328.0,2,0,1,0.5,0.5,0.4705671,0.4705671,0.040008544921875,106,0.74647886,0.74647886,0,0,0,12
328.0,25,7,1,0.5,0.5,0.5294329,0.5294329,0.045013427734375,36,0.2535211,0.2535211,0,0,0,22
332.0,28,7,3,1.0,1.0,1.0,1.0,0.084014892578125,267,1.0,1.0,0,0,0,20
333.0,28,7,2,0.6666667,0.6666667,1.0,1.0,0.042999267578125,125,0.54112554,0.54112554,0,0,0,22
333.0,5,0,1,0.33333334,0.33333334,0.0,0.0,0.0,106,0.45887446,0.45887446,0,0,0,9
334.0,16,7,1,1.0,1.0,1.0,1.0,0.042022705078125,89,1.0,1.0,0,0,0,4
337.0,17,7,1,1.0,1.0,1.0,1.0,0.040008544921875,89,1.0,1.0,0,0,0,5
341.0,27,7,4,0.8,0.8,0.9465194,0.9465194,0.761016845703125,303,0.7408313,0.7408313,0,0,0,21
341.0,2,0,1,0.2,0.2,0.053480603,0.053480603,0.042999267578125,106,0.2591687,0.2591687,0,0,0,13
342.0,27,7,1,0.33333334,0.6666667,0.6717843,0.86500657,0.218994140625,89,0.38528138,0.54112554,0,0,0,22
342.0,4,0,1,0.33333334,0.33333334,0.13499345,0.13499345,0.04400634765625,106,0.45887446,0.45887446,0,0,0,8
342.0,9,7,1,0.33333334,0.6666667,0.19322224,0.86500657,0.06298828125,36,0.15584415,0.54112554,0,0,0,20
343.0,9,7,4,0.8,1.0,0.7162887,1.0,0.10601806640625,356,0.8,1.0,0,0,0,24
343.0,35,7,1,0.2,1.0,0.28371134,1.0,0.0419921875,89,0.2,1.0,0,0,0,5
344.0,8,7,1,1.0,1.0,1.0,1.0,0.04400634765625,89,1.0,1.0,0,0,0,5
345.0,11,7,2,1.0,1.0,1.0,1.0,1.108001708984375,178,1.0,1.0,0,0,0,19
346.0,11,7,3,0.75,0.75,1.0,1.0,0.0009765625,214,0.66875,0.66875,0,0,0,22
346.0,1,0,1,0.25,0.25,0.0,0.0,0.0,106,0.33125,0.33125,0,0,0,19
347.0,33,7,1,1.0,1.0,1.0,1.0,0.040985107421875,89,1.0,1.0,0,0,0,5
349.0,19,7,1,1.0,1.0,1.0,1.0,0.0460205078125,89,1.0,1.0,0,0,0,18
350.0,19,7,4,0.6666667,0.8333333,0.61636627,0.8059466,0.142974853515625,303,0.6084337,0.7871486,0,0,0,22
350.0,6,0,1,0.16666667,0.16666667,0.19405341,0.19405341,0.045013427734375,106,0.2128514,0.2128514,0,0,0,11
350.0,20,7,1,0.16666667,0.8333333,0.18958032,0.8059466,0.043975830078125,89,0.17871486,0.7871486,0,0,0,5
352.0,22,7,5,0.8333333,0.8333333,1.0,1.0,0.160003662109375,392,0.7871486,0.7871486,0,0,0,24
352.0,1,0,1,0.16666667,0.16666667,0.0,0.0,0.0,106,0.2128514,0.2128514,0,0,0,20
353.0,26,7,3,1.0,1.0,1.0,1.0,0.097015380859375,267,1.0,1.0,0,0,0,22
354.0,2,0,1,0.5,0.5,0.3636616,0.3636616,0.040008544921875,106,0.74647886,0.74647886,0,0,0,14
354.0,26,7,1,0.5,0.5,0.6363384,0.6363384,0.07000732421875,36,0.2535211,0.2535211,0,0,0,23
358.0,29,7,5,0.8333333,0.8333333,0.99084604,0.99084604,0.1090087890625,392,0.7871486,0.7871486,0,0,0,22
358.0,5,0,1,0.16666667,0.16666667,0.009153953,0.009153953,0.001007080078125,106,0.2128514,0.2128514,0,0,0,10
359.0,14,7,1,1.0,1.0,0.0,0.0,0.0,89,1.0,1.0,0,0,0,5
360.0,23,7,2,1.0,1.0,1.0,1.0,0.087005615234375,178,1.0,1.0,0,0,0,25
361.0,23,7,2,0.5,0.75,0.0010099098,1.0,0.0009765625,125,0.390625,0.66875,0,0,0,27
361.0,1,0,1,0.25,0.25,0.0,0.0,0.0,106,0.33125,0.33125,0,0,0,21
361.0,25,7,1,0.25,0.75,0.9989901,1.0,0.96600341796875,89,0.278125,0.66875,0,0,0,23
362.0,21,7,1,0.16666667,0.8333333,0.16672194,0.8478718,0.0460205078125,89,0.17871486,0.7871486,0,0,0,6
362.0,25,7,4,0.6666667,0.8333333,0.6811498,0.8478718,0.188018798828125,303,0.6084337,0.7871486,0,0,0,27
362.0,2,0,1,0.16666667,0.16666667,0.15212825,0.15212825,0.0419921875,106,0.2128514,0.2128514,0,0,0,15
363.0,31,7,1,1.0,1.0,1.0,1.0,0.069000244140625,89,1.0,1.0,0,0,0,6
368.0,19,7,3,1.0,1.0,1.0,1.0,0.03997802734375,267,1.0,1.0,0,0,0,25
369.0,6,0,1,0.5,0.5,1.0,1.0,0.03900146484375,106,0.74647886,0.74647886,0,0,0,12
369.0,19,7,1,0.5,0.5,0.0,0.0,0.0,36,0.2535211,0.2535211,0,0,0,26
370.0,26,7,4,1.0,1.0,1.0,1.0,0.113006591796875,356,1.0,1.0,0,0,0,27
371.0,2,0,1,0.33333334,0.33333334,0.51228595,0.51228595,0.0419921875,106,0.45887446,0.45887446,0,0,0,16
371.0,26,7,1,0.33333334,0.6666667,0.0,0.48771408,0.0,36,0.15584415,0.54112554,0,0,0,28
371.0,20,7,1,0.33333334,0.6666667,0.48771408,0.48771408,0.03997802734375,89,0.38528138,0.54112554,0,0,0,6
372.0,30,7,1,1.0,1.0,1.0,1.0,0.04498291015625,89,1.0,1.0,0,0,0,6
375.0,22,7,2,0.6666667,0.6666667,0.0,0.0,0.0,125,0.54112554,0.54112554,0,0,0,26
375.0,1,0,1,0.33333334,0.33333334,1.0,1.0,0.04400634765625,106,0.45887446,0.45887446,0,0,0,22
376.0,22,7,2,1.0,1.0,1.0,1.0,1.621002197265625,178,1.0,1.0,0,0,0,28
378.0,9,7,3,1.0,1.0,1.0,1.0,0.09100341796875,267,1.0,1.0,0,0,0,27
379.0,4,0,1,0.5,0.5,0.4788961,0.4788961,0.045013427734375,106,0.74647886,0.74647886,0,0,0,9
379.0,9,7,1,0.5,0.5,0.5211039,0.5211039,0.048980712890625,36,0.2535211,0.2535211,0,0,0,28
381.0,33,7,1,0.33333334,0.6666667,0.0590332,0.93307704,0.04498291015625,89,0.38528138,0.54112554,0,0,0,6
381.0,5,0,1,0.33333334,0.33333334,0.066922985,0.066922985,0.050994873046875,106,0.45887446,0.45887446,0,0,0,11
381.0,28,7,1,0.33333334,0.6666667,0.8740438,0.93307704,0.666015625,36,0.15584415,0.54112554,0,0,0,23
382.0,28,7,3,1.0,1.0,1.0,1.0,0.084991455078125,267,1.0,1.0,0,0,0,26
384.0,34,7,1,1.0,1.0,1.0,1.0,0.04998779296875,89,1.0,1.0,0,0,0,11
385.0,18,7,3,0.75,0.75,0.021883288,0.021883288,0.001007080078125,214,0.66875,0.66875,0,0,0,25
385.0,6,0,1,0.25,0.25,0.9781167,0.9781167,0.045013427734375,106,0.33125,0.33125,0,0,0,13
386.0,11,7,4,0.5714286,0.85714287,0.026363883,1.0,0.092010498046875,303,0.516184,0.81942075,0,0,0,26
386.0,1,0,1,0.14285715,0.14285715,0.0,0.0,0.0,106,0.18057922,0.18057922,0,0,0,23
386.0,14,7,1,0.14285715,0.85714287,0.011752258,1.0,0.041015625,89,0.15161839,0.81942075,0,0,0,6
386.0,18,7,1,0.14285715,0.85714287,0.96188384,1.0,3.35699462890625,89,0.15161839,0.81942075,0,0,0,26
389.0,17,7,1,1.0,1.0,1.0,1.0,0.045013427734375,89,1.0,1.0,0,0,0,6
390.0,8,7,1,1.0,1.0,1.0,1.0,0.0469970703125,89,1.0,1.0,0,0,0,6
391.0,35,7,1,1.0,1.0,1.0,1.0,0.069976806640625,89,1.0,1.0,0,0,0,6
393.0,27,7,3,0.75,0.75,0.6120463,0.6120463,0.071014404296875,214,0.66875,0.66875,0,0,0,25
393.0,2,0,1,0.25,0.25,0.3879537,0.3879537,0.045013427734375,106,0.33125,0.33125,0,0,0,17
394.0,27,7,1,1.0,1.0,1.0,1.0,1.165008544921875,89,1.0,1.0,0,0,0,26
395.0,10,7,1,1.0,1.0,1.0,1.0,0.04400634765625,89,1.0,1.0,0,0,0,6
398.0,32,7,1,0.33333334,1.0,0.3070639,1.0,0.03900146484375,89,0.33333334,1.0,0,0,0,6
398.0,12,7,1,0.33333334,1.0,0.35439694,1.0,0.045013427734375,89,0.33333334,1.0,0,0,0,6
398.0,36,7,1,0.33333334,1.0,0.33853915,1.0,0.042999267578125,89,0.33333334,1.0,0,0,0,6
399.0,44,67,12,1.0,1.0,1.0,1.0,1.25,1188,1.0,1.0,12,0,0,0
400.0,44,67,17,1.0,1.0,1.0,1.0,0.79901123046875,1683,1.0,1.0,17,0,0,0
401.0,40,67,13,0.7647059,0.7647059,0.75759256,0.75759256,0.625,1287,0.78332317,0.78332317,13,0,0,0
401.0,24,7,4,0.23529412,0.23529412,0.24240743,0.24240743,0.199981689453125,356,0.21667682,0.21667682,0,0,0,26
402.0,1,0,1,0.055555556,0.055555556,0.019549632,0.019549632,0.0460205078125,106,0.06141367,0.06141367,0,0,0,24
402.0,24,7,1,0.055555556,0.055555556,0.0,0.0,0.0,36,0.020857474,0.020857474,0,0,0,27
402.0,40,67,16,0.8888889,0.8888889,0.9804504,0.9804504,2.308013916015625,1584,0.91772884,0.91772884,16,0,0,0
404.0,13,7,1,0.5,0.5,0.3839237,0.3839237,0.042999267578125,89,0.5329341,0.5329341,0,0,0,6
404.0,54,40,1,0.5,0.5,0.6160763,0.6160763,0.069000244140625,78,0.46706587,0.46706587,0,0,1,0
405.0,54,40,2,0.125,0.625,0.0,0.17682892,0.0,156,0.12312549,0.61562747,0,0,2,0
405.0,29,7,4,0.25,0.25,0.7375994,0.7375994,0.38800048828125,303,0.23914759,0.23914759,0,0,0,26
405.0,41,40,4,0.25,0.625,0.0019144863,0.17682892,0.001007080078125,312,0.24625099,0.61562747,0,0,0,4
405.0,5,0,1,0.0625,0.0625,0.0019144863,0.0019144863,0.001007080078125,106,0.0836622,0.0836622,0,0,0,12
405.0,40,37,1,0.0625,0.0625,0.08365725,0.08365725,0.04400634765625,78,0.061562747,0.061562747,0,0,1,0
405.0,52,40,4,0.25,0.625,0.17491443,0.17682892,0.092010498046875,312,0.24625099,0.61562747,0,0,4,0
406.0,40,37,3,0.15,0.15,0.18679811,0.18679811,0.13299560546875,234,0.12765957,0.12765957,0,0,3,0
406.0,59,67,13,0.65,0.65,0.6446635,0.6446635,0.458984375,1287,0.70212764,0.70212764,13,0,0,0
406.0,53,40,4,0.2,0.2,0.16853836,0.16853836,0.1199951171875,312,0.17021276,0.17021276,0,0,4,0
407.0,59,67,16,0.5,1.0,0.42617023,1.0,0.277008056640625,1584,0.5,1.0,16,0,0,0
407.0,39,67,16,0.5,1.0,0.57382977,1.0,0.37298583984375,1584,0.5,1.0,16,0,0,0
408.0,63,67,19,0.59375,1.0,0.25716975,1.0,0.350006103515625,1881,0.59375,1.0,19,0,0,0
408.0,39,67,13,0.40625,1.0,0.7428302,1.0,1.010986328125,1287,0.40625,1.0,13,0,0,0
409.0,63,67,10,1.0,1.0,1.0,1.0,1.5460205078125,990,1.0,1.0,10,0,0,0
410.0,59,63,1,1.0,1.0,1.0,1.0,0.050994873046875,78,1.0,1.0,0,0,1,0
411.0,59,63,3,0.6,0.8,0.07239562,0.9503582,0.07000732421875,234,0.6,0.8,0,0,3,0
411.0,63,37,1,0.2,0.2,0.04964181,0.04964181,0.048004150390625,78,0.2,0.2,0,0,1,0
411.0,58,63,1,0.2,0.8,0.8779626,0.9503582,0.8489990234375,78,0.2,0.8,0,0,1,0
412.0,58,67,10,0.7647059,0.7647059,0.7345683,0.5802198,0.19598388671875,990,0.76547843,0.80487806,10,0,0,0
412.0,58,63,3,0.7647059,0.1764706,0.7345683,0.33130297,0.1610107421875,234,0.76547843,0.14634146,0,0,3,0
412.0,63,37,1,0.05882353,0.05882353,0.08847724,0.08847724,0.042999267578125,78,0.048780486,0.048780486,0,0,1,0
412.0,54,67,3,0.1764706,0.7647059,0.17695448,0.5802198,0.08599853515625,297,0.18574108,0.80487806,3,0,0,0
413.0,54,67,26,0.5777778,1.0,0.23367967,1.0,0.38299560546875,2574,0.5777778,1.0,26,0,0,0
413.0,58,67,19,0.42222223,1.0,0.76632035,1.0,1.2559814453125,1881,0.42222223,1.0,19,0,0,0
414.0,43,67,16,1.0,1.0,1.0,1.0,0.732025146484375,1584,1.0,1.0,16,0,0,0
415.0,43,67,13,1.0,1.0,1.0,1.0,0.735992431640625,1287,1.0,1.0,13,0,0,0
416.0,15,7,1,1.0,1.0,1.0,1.0,0.042999267578125,89,1.0,1.0,0,0,0,6
418.0,61,67,13,0.9285714,0.9285714,0.521984,0.521984,0.545989990234375,1287,0.9353198,0.9353198,13,0,0,0
418.0,16,7,1,0.071428575,0.071428575,0.47801605,0.47801605,0.5,89,0.06468023,0.06468023,0,0,0,5
419.0,61,67,16,1.0,1.0,1.0,1.0,0.977020263671875,1584,1.0,1.0,16,0,0,0
420.0,28,7,1,1.0,1.0,1.0,1.0,1.045989990234375,89,1.0,1.0,0,0,0,27
421.0,28,7,4,0.6666667,0.8333333,0.5672781,0.7884079,0.11798095703125,303,0.6084337,0.7871486,0,0,0,31
421.0,5,0,1,0.16666667,0.16666667,0.21159208,0.21159208,0.04400634765625,106,0.2128514,0.2128514,0,0,0,13
421.0,8,7,1,0.16666667,0.8333333,0.22112986,0.7884079,0.045989990234375,89,0.17871486,0.7871486,0,0,0,7
422.0,10,7,1,1.0,1.0,1.0,1.0,0.043975830078125,89,1.0,1.0,0,0,0,7
424.0,14,7,1,1.0,1.0,1.0,1.0,0.042999267578125,89,1.0,1.0,0,0,0,7
429.0,46,67,13,1.0,1.0,1.0,1.0,1.180999755859375,1287,1.0,1.0,13,0,0,0
430.0,46,67,16,1.0,1.0,1.0,1.0,2.24798583984375,1584,1.0,1.0,16,0,0,0
432.0,56,67,23,1.0,1.0,1.0,1.0,0.4429931640625,2277,1.0,1.0,23,0,0,0
433.0,19,7,4,0.2857143,0.42857143,0.3569618,0.49234813,0.11602783203125,356,0.27661228,0.37373737,0,0,0,30
433.0,12,7,1,0.071428575,0.42857143,0.13538635,0.49234813,0.04400634765625,89,0.06915307,0.37373737,0,0,0,7
433.0,6,0,1,0.071428575,0.14285715,0.0,0.14148906,0.0,106,0.082362086,0.16472417,0,0,0,14
433.0,56,67,6,0.42857143,0.42857143,0.3661628,0.3661628,0.1190185546875,594,0.46153846,0.46153846,6,0,0,0
433.0,1,0,1,0.071428575,0.14285715,0.14148906,0.14148906,0.045989990234375,106,0.082362086,0.16472417,0,0,0,25
433.0,22,7,1,0.071428575,0.42857143,0.0,0.49234813,0.0,36,0.027972028,0.37373737,0,0,0,29
434.0,6,0,8,0.42105263,0.47368422,0.6701467,0.74558306,0.381988525390625,288,0.24448217,0.3344652,0,0,0,22
434.0,19,7,1,0.05263158,0.5263158,0.0017667845,0.25441697,0.001007080078125,36,0.030560272,0.6655348,0,0,0,31
434.0,22,7,4,0.21052632,0.5263158,0.0,0.25441697,0.0,356,0.30220714,0.6655348,0,0,0,33
434.0,23,7,4,0.21052632,0.5263158,0.25265017,0.25441697,0.144012451171875,303,0.25721562,0.6655348,0,0,0,31
434.0,1,0,1,0.05263158,0.47368422,0.07543634,0.74558306,0.042999267578125,106,0.08998302,0.3344652,0,0,0,26
434.0,33,7,1,0.05263158,0.5263158,0.0,0.25441697,0.0,89,0.075551786,0.6655348,0,0,0,7
435.0,15,7,1,0.16666667,0.33333334,0.22496948,0.51007324,0.04498291015625,89,0.18163265,0.3632653,0,0,0,7
435.0,23,7,1,0.16666667,0.33333334,0.2851038,0.51007324,0.0570068359375,89,0.18163265,0.3632653,0,0,0,32
435.0,39,46,3,0.5,0.5,0.26495728,0.26495728,0.052978515625,234,0.477551,0.477551,0,0,0,3
435.0,46,37,1,0.16666667,0.16666667,0.22496948,0.22496948,0.04498291015625,78,0.15918367,0.15918367,0,0,1,0
436.0,35,7,1,0.5,0.5,0.02891344,0.02891344,0.04400634765625,89,0.5329341,0.5329341,0,0,0,7
436.0,39,46,1,0.5,0.5,0.97108656,0.97108656,1.477996826171875,78,0.46706587,0.46706587,0,0,0,4
438.0,65,67,15,1.0,1.0,1.0,1.0,1.2030029296875,1485,1.0,1.0,15,0,0,0
439.0,50,67,14,0.42424244,1.0,0.50543165,1.0,0.37200927734375,1386,0.42424244,1.0,14,0,0,0
439.0,65,67,14,0.42424244,1.0,0.31520027,1.0,0.23199462890625,1386,0.42424244,1.0,14,0,0,0
439.0,42,67,5,0.15151516,1.0,0.17936811,1.0,0.13201904296875,495,0.15151516,1.0,5,0,0,0
440.0,42,67,24,0.6,0.975,0.49555513,0.9470079,0.392974853515625,2376,0.601519,0.9774684,24,0,0,0
440.0,50,67,15,0.375,0.975,0.45145276,0.9470079,0.358001708984375,1485,0.37594935,0.9774684,15,0,0,0
440.0,16,7,1,0.025,0.025,0.05299211,0.05299211,0.042022705078125,89,0.022531645,0.022531645,0,0,0,6
442.0,56,42,1,1.0,1.0,1.0,1.0,0.042999267578125,78,1.0,1.0,0,0,1,0
443.0,56,42,4,0.44444445,0.8888889,0.3771918,0.8025699,0.08599853515625,312,0.44444445,0.8888889,0,0,4,0
443.0,42,37,1,0.11111111,0.11111111,0.19743006,0.19743006,0.045013427734375,78,0.11111111,0.11111111,0,0,1,0
443.0,57,42,4,0.44444445,0.8888889,0.4253781,0.8025699,0.09698486328125,312,0.44444445,0.8888889,0,0,4,0
444.0,55,42,3,0.27272728,0.27272728,0.43682417,0.43682417,0.089996337890625,234,0.2635135,0.2635135,0,0,3,0
444.0,42,37,2,0.18181819,0.18181819,0.004888165,0.004888165,0.001007080078125,156,0.17567568,0.17567568,0,0,2,0
444.0,25,7,5,0.45454547,0.45454547,0.5533995,0.5533995,0.114013671875,392,0.44144145,0.44144145,0,0,0,32
444.0,2,0,1,0.09090909,0.09090909,0.004888165,0.004888165,0.001007080078125,106,0.11936937,0.11936937,0,0,0,18
448.0,17,7,1,1.0,1.0,1.0,1.0,0.042999267578125,89,1.0,1.0,0,0,0,7
449.0,27,7,4,0.6666667,0.8333333,0.20880833,0.30857468,0.089996337890625,356,0.646098,0.8076225,0,0,0,30
449.0,2,0,1,0.16666667,0.16666667,0.6914253,0.6914253,0.298004150390625,106,0.1923775,0.1923775,0,0,0,19
449.0,21,7,1,0.16666667,0.8333333,0.09976634,0.30857468,0.042999267578125,89,0.1615245,0.8076225,0,0,0,7
450.0,30,7,1,0.5,1.0,1.0,1.0,0.048980712890625,89,0.712,1.0,0,0,0,7
450.0,27,7,1,0.5,1.0,0.0,1.0,0.0,36,0.288,1.0,0,0,0,31
451.0,24,7,5,0.8333333,0.8333333,1.0,1.0,0.21099853515625,392,0.7871486,0.7871486,0,0,0,32
451.0,1,0,1,0.16666667,0.16666667,0.0,0.0,0.0,106,0.2128514,0.2128514,0,0,0,27
452.0,9,7,4,0.14285715,0.14285715,0.18166246,0.18166246,0.12298583984375,356,0.12997444,0.12997444,0,0,0,32
452.0,4,0,1,0.035714287,0.035714287,0.06797692,0.06797692,0.0460205078125,106,0.038700256,0.038700256,0,0,0,10
452.0,51,67,23,0.8214286,0.8214286,0.7503606,0.7503606,0.50799560546875,2277,0.8313253,0.8313253,23,0,0,0
453.0,34,7,1,0.11111111,0.33333334,0.06724146,0.29893708,0.04498291015625,89,0.11014851,0.26485148,0,0,0,12
453.0,9,7,1,0.11111111,0.33333334,0.16741937,0.29893708,0.11199951171875,36,0.044554457,0.26485148,0,0,0,33
453.0,51,67,6,0.6666667,0.6666667,0.7010629,0.7010629,0.468994140625,594,0.7351485,0.7351485,6,0,0,0
453.0,31,7,1,0.11111111,0.33333334,0.06427626,0.29893708,0.042999267578125,89,0.11014851,0.26485148,0,0,0,7
455.0,32,7,1,0.5,1.0,0.03664252,1.0,0.0419921875,89,0.5,1.0,0,0,0,7
455.0,11,7,1,0.5,1.0,0.96335745,1.0,1.10400390625,89,0.5,1.0,0,0,0,27
456.0,11,7,4,0.8,0.8,1.0,1.0,1.170989990234375,303,0.7408313,0.7408313,0,0,0,31
456.0,1,0,1,0.2,0.2,0.0,0.0,0.0,106,0.2591687,0.2591687,0,0,0,28
457.0,29,7,2,0.6666667,0.6666667,0.84945905,0.84945905,0.253997802734375,125,0.54112554,0.54112554,0,0,0,28
457.0,5,0,1,0.33333334,0.33333334,0.15054093,0.15054093,0.045013427734375,106,0.45887446,0.45887446,0,0,0,14
458.0,29,7,3,0.27272728,0.27272728,0.6087107,0.6087107,0.322021484375,267,0.25212464,0.25212464,0,0,0,31
458.0,47,67,8,0.72727275,0.72727275,0.3912893,0.3912893,0.207000732421875,792,0.74787533,0.74787533,8,0,0,0
459.0,47,67,21,1.0,1.0,1.0,1.0,1.626007080078125,2079,1.0,1.0,21,0,0,0
460.0,2,0,1,0.5,0.5,0.48872703,0.48872703,0.042999267578125,106,0.74647886,0.74647886,0,0,0,20
460.0,26,7,1,0.5,0.5,0.51127297,0.51127297,0.04498291015625,36,0.2535211,0.2535211,0,0,0,29
461.0,26,7,3,0.75,1.0,0.66926783,1.0,0.0889892578125,267,0.75,1.0,0,0,0,32
461.0,36,7,1,0.25,1.0,0.33073217,1.0,0.043975830078125,89,0.25,1.0,0,0,0,7
463.0,49,67,9,1.0,1.0,1.0,1.0,0.160980224609375,891,1.0,1.0,9,0,0,0
464.0,49,67,20,1.0,1.0,1.0,1.0,3.7020263671875,1980,1.0,1.0,20,0,0,0
467.0,18,7,5,0.8333333,0.8333333,1.0,1.0,0.093994140625,392,0.7871486,0.7871486,0,0,0,31
467.0,6,0,1,0.16666667,0.16666667,0.0,0.0,0.0,106,0.2128514,0.2128514,0,0,0,23
468.0,13,7,1,1.0,1.0,1.0,1.0,0.072021484375,89,1.0,1.0,0,0,0,7
469.0,20,7,1,1.0,1.0,1.0,1.0,0.040985107421875,89,1.0,1.0,0,0,0,7
472.0,60,67,25,1.0,1.0,1.0,1.0,0.381011962890625,2475,1.0,1.0,25,0,0,0
473.0,60,67,4,1.0,1.0,1.0,1.0,1.83099365234375,396,1.0,1.0,4,0,0,0
474.0,55,67,6,1.0,1.0,1.0,1.0,0.144012451171875,594,1.0,1.0,6,0,0,0
475.0,62,67,27,0.54,1.0,0.9060458,1.0,1.243988037109375,2673,0.54,1.0,27,0,0,0
475.0,55,67,23,0.46,1.0,0.09395421,1.0,0.128997802734375,2277,0.46,1.0,23,0,0,0
476.0,62,67,2,1.0,1.0,1.0,1.0,3.420013427734375,198,1.0,1.0,2,0,0,0
479.0,8,7,1,0.33333334,1.0,0.268329,1.0,0.04400634765625,89,0.33333334,1.0,0,0,0,8
479.0,25,7,2,0.6666667,1.0,0.73167104,1.0,0.1199951171875,178,0.6666667,1.0,0,0,0,34
480.0,25,7,3,0.75,0.75,0.037996545,0.037996545,0.00201416015625,214,0.66875,0.66875,0,0,0,37
480.0,2,0,1,0.25,0.25,0.96200347,0.96200347,0.050994873046875,106,0.33125,0.33125,0,0,0,21
481.0,14,7,1,0.25,0.75,0.25662652,0.7040161,0.03900146484375,89,0.278125,0.66875,0,0,0,8
481.0,2,0,1,0.25,0.25,0.29598394,0.29598394,0.04498291015625,106,0.33125,0.33125,0,0,0,22
481.0,26,7,1,0.25,0.75,0.44738957,0.7040161,0.0679931640625,36,0.1125,0.66875,0,0,0,33
481.0,10,7,1,0.25,0.75,0.0,0.7040161,0.0,89,0.278125,0.66875,0,0,0,8
482.0,26,7,4,0.15384616,0.15384616,0.20505872,0.20505872,0.09698486328125,356,0.14048934,0.14048934,0,0,0,37
482.0,38,67,22,0.84615386,0.84615386,0.7949413,0.7949413,0.3759765625,2178,0.85951066,0.85951066,22,0,0,0
483.0,38,67,10,1.0,1.0,1.0,1.0,4.156005859375,990,1.0,1.0,10,0,0,0
487.0,12,7,1,0.5,1.0,0.53340113,1.0,0.048004150390625,89,0.5,1.0,0,0,0,8
487.0,15,7,1,0.5,1.0,0.46659884,1.0,0.0419921875,89,0.5,1.0,0,0,0,8
489.0,22,7,1,1.0,1.0,1.0,1.0,1.071014404296875,89,1.0,1.0,0,0,0,34
490.0,22,7,3,0.75,0.75,0.99839383,0.99839383,0.607025146484375,214,0.66875,0.66875,0,0,0,37
490.0,1,0,1,0.25,0.25,0.0016061838,0.0016061838,0.0009765625,106,0.33125,0.33125,0,0,0,29
491.0,11,7,4,0.8,0.8,0.7289445,0.7289445,0.1209716796875,303,0.7408313,0.7408313,0,0,0,35
491.0,1,0,1,0.2,0.2,0.27105555,0.27105555,0.04498291015625,106,0.2591687,0.2591687,0,0,0,30
492.0,66,67,22,1.0,1.0,1.0,1.0,0.35302734375,2178,1.0,1.0,22,0,0,29
493.0,66,67,7,1.0,1.0,1.0,1.0,2.76300048828125,693,1.0,1.0,7,0,0,29
495.0,48,66,3,0.75,0.75,0.70650584,0.70650584,0.11798095703125,234,0.75,0.75,0,0,3,0
495.0,66,37,1,0.25,0.25,0.29349416,0.29349416,0.04901123046875,78,0.25,0.25,0,0,1,0
497.0,66,37,1,1.0,1.0,1.0,1.0,0.839019775390625,78,1.0,1.0,0,0,1,0
498.0,49,66,3,1.0,1.0,1.0,1.0,0.11700439453125,234,1.0,1.0,0,0,3,0
499.0,64,67,8,1.0,1.0,1.0,1.0,1.2080078125,792,1.0,1.0,8,0,0,0
500.0,64,67,21,1.0,1.0,1.0,1.0,0.78399658203125,2079,1.0,1.0,21,0,0,0
501.0,21,7,1,1.0,1.0,1.0,1.0,0.0469970703125,89,1.0,1.0,0,0,0,8
502.0,34,7,1,1.0,1.0,1.0,1.0,1.042022705078125,89,1.0,1.0,0,0,0,13
504.0,52,67,26,1.0,1.0,1.0,1.0,1.170013427734375,2574,1.0,1.0,26,0,0,0
505.0,30,7,1,0.25,0.25,0.013124483,0.013124483,0.04400634765625,89,0.23056994,0.23056994,0,0,0,8
505.0,52,67,3,0.75,0.75,0.98687553,0.98687553,3.308990478515625,297,0.76943004,0.76943004,3,0,0,0
508.0,13,7,1,1.0,1.0,1.0,1.0,0.048004150390625,89,1.0,1.0,0,0,0,8
509.0,28,7,4,0.8,0.8,0.62765735,0.62765735,0.09100341796875,303,0.7408313,0.7408313,0,0,0,35
509.0,5,0,1,0.2,0.2,0.37234268,0.37234268,0.053985595703125,106,0.2591687,0.2591687,0,0,0,15
510.0,48,67,18,1.0,1.0,1.0,1.0,0.324981689453125,1782,1.0,1.0,18,0,0,0
511.0,48,67,11,0.9166667,0.9166667,0.77965516,0.77965516,0.2760009765625,1089,0.9244482,0.9244482,11,0,0,0
511.0,35,7,1,0.083333336,0.083333336,0.22034483,0.22034483,0.0780029296875,89,0.075551786,0.075551786,0,0,0,8
512.0,17,7,1,1.0,1.0,1.0,1.0,0.041015625,89,1.0,1.0,0,0,0,8
515.0,20,7,1,1.0,1.0,1.0,1.0,1.7340087890625,89,1.0,1.0,0,0,0,8
517.0,45,67,12,1.0,1.0,1.0,1.0,1.04498291015625,1188,1.0,1.0,12,0,0,0
518.0,45,67,17,1.0,1.0,1.0,1.0,0.8160400390625,1683,1.0,1.0,17,0,0,0
519.0,29,7,4,0.6666667,0.8333333,0.52817786,0.76925486,0.10296630859375,303,0.6084337,0.7871486,0,0,0,35
519.0,5,0,1,0.16666667,0.16666667,0.23074515,0.23074515,0.04498291015625,106,0.2128514,0.2128514,0,0,0,16
519.0,32,7,1,0.16666667,0.8333333,0.24107702,0.76925486,0.0469970703125,89,0.17871486,0.7871486,0,0,0,8
520.0,41,67,15,1.0,1.0,1.0,1.0,1.0880126953125,1485,1.0,1.0,15,0,0,0
521.0,41,67,14,1.0,1.0,1.0,1.0,1.29296875,1386,1.0,1.0,14,0,0,0
522.0,53,67,20,1.0,1.0,1.0,1.0,0.79302978515625,1980,1.0,1.0,20,0,0,0
523.0,53,67,9,0.75,0.75,0.8968113,0.8968113,0.39996337890625,891,0.76943004,0.76943004,9,0,0,0
523.0,27,7,3,0.25,0.25,0.10318872,0.10318872,0.0460205078125,267,0.23056994,0.23056994,0,0,0,34
524.0,2,0,1,0.16666667,0.16666667,0.25576445,0.25576445,0.04400634765625,106,0.2128514,0.2128514,0,0,0,23
524.0,27,7,1,0.16666667,0.8333333,0.279177,0.7442355,0.04803466796875,36,0.072289154,0.7871486,0,0,0,35
524.0,18,7,4,0.6666667,0.8333333,0.46505854,0.7442355,0.08001708984375,356,0.7148594,0.7871486,0,0,0,35
525.0,6,0,1,0.33333334,0.33333334,0.10474414,0.10474414,0.0479736328125,106,0.45887446,0.45887446,0,0,0,24
525.0,18,7,1,0.33333334,0.6666667,0.7817164,0.89525586,0.3580322265625,36,0.15584415,0.54112554,0,0,0,36
525.0,16,7,1,0.33333334,0.6666667,0.11353944,0.89525586,0.052001953125,89,0.38528138,0.54112554,0,0,0,7
527.0,1,0,1,0.25,0.5,0.2709559,0.7227941,0.04498291015625,106,0.37323943,0.74647886,0,0,0,31
527.0,23,7,1,0.25,0.5,0.27720588,0.27720588,0.0460205078125,36,0.12676056,0.2535211,0,0,0,33
527.0,19,7,1,0.25,0.5,0.0,0.27720588,0.0,36,0.12676056,0.2535211,0,0,0,32
527.0,6,0,1,0.25,0.5,0.45183823,0.7227941,0.07501220703125,106,0.37323943,0.74647886,0,0,0,25
528.0,23,7,3,0.42857143,1.0,0.9917949,1.0,0.1180419921875,267,0.42857143,1.0,0,0,0,36
528.0,19,7,4,0.5714286,1.0,0.008205128,1.0,0.0009765625,356,0.5714286,1.0,0,0,0,36
530.0,9,7,3,0.42857143,0.42857143,0.3357524,0.3357524,0.09600830078125,267,0.40271494,0.40271494,0,0,0,36
530.0,57,67,4,0.5714286,0.5714286,0.6642476,0.6642476,0.18994140625,396,0.5972851,0.5972851,4,0,0,0
531.0,57,67,19,0.95,0.95,0.4373491,0.4373491,0.5860595703125,1881,0.98122066,0.98122066,19,0,0,0
531.0,9,7,1,0.05,0.05,0.56265086,0.56265086,0.75396728515625,36,0.018779343,0.018779343,0,0,0,37
532.0,57,67,6,0.85714287,0.85714287,0.7601993,0.7601993,0.14898681640625,594,0.8485714,0.8485714,6,0,0,0
532.0,4,0,1,0.14285715,0.14285715,0.23980069,0.23980069,0.0469970703125,106,0.15142857,0.15142857,0,0,0,11
534.0,33,7,1,0.5,1.0,0.4453172,1.0,0.04498291015625,89,0.5,1.0,0,0,0,8
534.0,31,7,1,0.5,1.0,0.5546828,1.0,0.0560302734375,89,0.5,1.0,0,0,0,8
536.0,24,7,3,0.75,0.75,0.69151986,0.69151986,0.10302734375,267,0.7158177,0.7158177,0,0,0,35
536.0,1,0,1,0.25,0.25,0.30848014,0.30848014,0.04595947265625,106,0.2841823,0.2841823,0,0,0,32
537.0,24,7,1,0.5,1.0,0.0,1.0,0.0,36,0.288,1.0,0,0,0,36
537.0,36,7,1,0.5,1.0,1.0,1.0,0.0009765625,89,0.712,1.0,0,0,0,8
539.0,36,7,1,1.0,1.0,1.0,1.0,0.02996826171875,89,1.0,1.0,0,0,0,9
3223.0,34,7,1,0.5,1.0,0.5103735,1.0,0.030029296875,89,0.5,1.0,0,0,0,14
3223.0,16,7,1,0.5,1.0,0.48962656,1.0,0.02880859375,89,0.5,1.0,0,0,0,8
3229.0,33,7,1,1.0,1.0,1.0,1.0,0.028076171875,89,1.0,1.0,0,0,0,9
3230.0,5,0,1,0.5,0.5,0.48425198,0.48425198,0.030029296875,106,0.74647886,0.74647886,0,0,0,17
3230.0,28,7,1,0.5,0.5,0.515748,0.515748,0.031982421875,36,0.2535211,0.2535211,0,0,0,36
3231.0,28,7,4,1.0,1.0,1.0,1.0,0.8369140625,356,1.0,1.0,0,0,0,40
3232.0,9,7,1,1.0,1.0,1.0,1.0,1.0419921875,89,1.0,1.0,0,0,0,38
3233.0,9,7,4,0.8,0.8,0.58766234,0.58766234,0.044189453125,303,0.7408313,0.7408313,0,0,0,42
3233.0,4,0,1,0.2,0.2,0.41233766,0.41233766,0.031005859375,106,0.2591687,0.2591687,0,0,0,12
3234.0,23,7,5,0.8333333,0.8333333,0.7996485,0.7996485,0.111083984375,392,0.7871486,0.7871486,0,0,0,41
3234.0,1,0,1,0.16666667,0.16666667,0.20035149,0.20035149,0.02783203125,106,0.2128514,0.2128514,0,0,0,33
3236.0,14,7,1,1.0,1.0,1.0,1.0,1.017822265625,89,1.0,1.0,0,0,0,9
3237.0,30,7,1,1.0,1.0,0.0,0.0,0.0,89,1.0,1.0,0,0,0,9
3238.0,12,7,1,1.0,1.0,1.0,1.0,2.362060546875,89,1.0,1.0,0,0,0,9
3240.0,27,7,1,1.0,1.0,1.0,1.0,0.031982421875,89,1.0,1.0,0,0,0,36
3241.0,27,7,4,0.8,0.8,0.6028881,0.6028881,0.040771484375,303,0.7408313,0.7408313,0,0,0,40
3241.0,2,0,1,0.2,0.2,0.39711192,0.39711192,0.02685546875,106,0.2591687,0.2591687,0,0,0,24
3242.0,11,7,4,0.6666667,1.0,0.5523521,1.0,0.0888671875,356,0.6666667,1.0,0,0,0,39
3242.0,26,7,1,0.16666667,1.0,0.44764796,1.0,0.072021484375,89,0.16666667,1.0,0,0,0,38
3242.0,13,7,1,0.16666667,1.0,0.0,1.0,0.0,89,0.16666667,1.0,0,0,0,9
3243.0,26,7,3,0.375,0.5,0.26615968,0.26615968,0.0341796875,214,0.40074906,0.4681648,0,0,0,41
3243.0,2,0,1,0.125,0.5,0.20342205,0.7338403,0.026123046875,106,0.19850187,0.5318352,0,0,0,25
3243.0,1,0,3,0.375,0.5,0.5304183,0.7338403,0.068115234375,178,0.33333334,0.5318352,0,0,0,36
3243.0,11,7,1,0.125,0.5,0.0,0.26615968,0.0,36,0.06741573,0.4681648,0,0,0,40
3244.0,29,7,4,0.8,0.8,0.8286853,0.8286853,0.203125,356,0.77056277,0.77056277,0,0,0,39
3244.0,5,0,1,0.2,0.2,0.17131475,0.17131475,0.0419921875,106,0.22943723,0.22943723,0,0,0,18
3245.0,29,7,1,0.5,1.0,0.0,1.0,0.0,36,0.288,1.0,0,0,0,40
3245.0,20,7,1,0.5,1.0,1.0,1.0,0.02685546875,89,0.712,1.0,0,0,0,9
3246.0,24,7,5,0.8333333,0.8333333,0.7918033,0.7918033,0.117919921875,392,0.7871486,0.7871486,0,0,0,41
3246.0,1,0,1,0.16666667,0.16666667,0.20819671,0.20819671,0.031005859375,106,0.2128514,0.2128514,0,0,0,37
3248.0,8,7,1,1.0,1.0,1.0,1.0,0.02685546875,89,1.0,1.0,0,0,0,9
3251.0,25,7,4,0.8,0.8,0.65633804,0.65633804,0.056884765625,303,0.7408313,0.7408313,0,0,0,41
3251.0,2,0,1,0.2,0.2,0.34366196,0.34366196,0.02978515625,106,0.2591687,0.2591687,0,0,0,26
3253.0,32,7,1,1.0,1.0,1.0,1.0,0.029052734375,89,1.0,1.0,0,0,0,9
3260.0,10,7,1,1.0,1.0,1.0,1.0,0.027099609375,89,1.0,1.0,0,0,0,9
3264.0,21,7,1,0.5,1.0,0.52962965,1.0,0.034912109375,89,0.5,1.0,0,0,0,9
3264.0,35,7,1,0.5,1.0,0.47037038,1.0,0.031005859375,89,0.5,1.0,0,0,0,9
3265.0,17,7,1,0.5,1.0,0.5,1.0,0.029052734375,89,0.5,1.0,0,0,0,9
3265.0,15,7,1,0.5,1.0,0.5,1.0,0.029052734375,89,0.5,1.0,0,0,0,9
3266.0,18,7,1,1.0,1.0,1.0,1.0,0.0009765625,36,1.0,1.0,0,0,0,37
3267.0,18,7,3,0.375,0.875,0.14459226,0.36495084,0.06103515625,267,0.36625513,0.85459536,0,0,0,40
3267.0,6,0,1,0.125,0.125,0.63504916,0.63504916,0.26806640625,106,0.14540467,0.14540467,0,0,0,26
3267.0,22,7,4,0.5,0.875,0.2203586,0.36495084,0.093017578125,356,0.4883402,0.85459536,0,0,0,41
3268.0,1,0,1,0.33333334,0.33333334,0.49224806,0.49224806,0.031005859375,106,0.45887446,0.45887446,0,0,0,38
3268.0,22,7,1,0.33333334,0.6666667,0.015503876,0.50775194,0.0009765625,36,0.15584415,0.54112554,0,0,0,42
3268.0,31,7,1,0.33333334,0.6666667,0.49224806,0.50775194,0.031005859375,89,0.38528138,0.54112554,0,0,0,9
3271.0,19,7,2,0.6666667,0.6666667,0.96222484,0.96222484,0.789794921875,125,0.54112554,0.54112554,0,0,0,38
3271.0,6,0,1,0.33333334,0.33333334,0.037775133,0.037775133,0.031005859375,106,0.45887446,0.45887446,0,0,0,27
3272.0,19,7,2,1.0,1.0,1.0,1.0,1.733154296875,178,1.0,1.0,0,0,0,40
3274.0,31,7,1,1.0,1.0,1.0,1.0,0.028076171875,89,1.0,1.0,0,0,0,10
3276.0,17,7,1,1.0,1.0,1.0,1.0,0.034912109375,89,1.0,1.0,0,0,0,10
3278.0,35,7,1,0.16666667,0.8333333,0.23991935,0.7782258,0.029052734375,89,0.17871486,0.7871486,0,0,0,10
3278.0,23,7,4,0.6666667,0.8333333,0.5383065,0.7782258,0.065185546875,303,0.6084337,0.7871486,0,0,0,45
3278.0,1,0,1,0.16666667,0.16666667,0.22177419,0.22177419,0.02685546875,106,0.2128514,0.2128514,0,0,0,39
3279.0,36,7,1,0.14285715,0.85714287,0.13555291,0.83472055,0.02783203125,89,0.15161839,0.81942075,0,0,0,10
3279.0,10,7,1,0.14285715,0.85714287,0.14030915,0.83472055,0.02880859375,89,0.15161839,0.81942075,0,0,0,10
3279.0,1,0,1,0.14285715,0.14285715,0.16527943,0.16527943,0.033935546875,106,0.18057922,0.18057922,0,0,0,40
3279.0,22,7,1,0.14285715,0.85714287,0.2627824,0.83472055,0.053955078125,36,0.06132879,0.81942075,0,0,0,43
3279.0,28,7,3,0.42857143,0.85714287,0.2960761,0.83472055,0.060791015625,267,0.4548552,0.81942075,0,0,0,43
3280.0,5,0,1,0.2,0.2,0.0794208,0.0794208,0.044189453125,106,0.2591687,0.2591687,0,0,0,19
3280.0,28,7,1,0.2,0.8,0.81263715,0.9205792,0.4521484375,36,0.08801956,0.7408313,0,0,0,44
3280.0,22,7,3,0.6,0.8,0.10794208,0.9205792,0.06005859375,267,0.65281177,0.7408313,0,0,0,46
3282.0,40,37,1,0.02631579,0.05263158,0.050509337,0.101018675,0.029052734375,68,0.02631579,0.05263158,0,0,0,1
3282.0,37,40,10,0.94736844,0.2631579,0.89898133,0.6226655,0.358154296875,680,0.94736844,0.2631579,0,0,0,10
3282.0,65,37,1,0.02631579,0.05263158,0.050509337,0.101018675,0.029052734375,68,0.02631579,0.05263158,0,0,0,1
3282.0,37,65,26,0.94736844,0.68421054,0.89898133,0.27631578,0.158935546875,1768,0.94736844,0.68421054,0,0,0,26
3283.0,30,7,1,0.05,0.05,0.05059524,0.05059524,0.029052734375,89,0.064446054,0.064446054,0,0,0,10
3283.0,37,40,11,0.55,0.55,0.7104592,0.7104592,0.407958984375,748,0.54163647,0.54163647,0,0,0,21
3283.0,58,63,4,0.2,0.2,0.1619898,0.1619898,0.093017578125,272,0.19695872,0.19695872,0,0,0,4
3283.0,63,58,4,0.2,0.2,0.07695578,0.07695578,0.044189453125,272,0.19695872,0.19695872,0,0,0,4
3284.0,37,66,10,0.9705882,0.29411766,1.0,0.45257655,0.14794921875,680,0.9705882,0.29411766,0,0,0,10
3284.0,63,37,1,0.029411765,0.029411765,0.0,0.0,0.0,68,0.029411765,0.029411765,0,0,0,1
3284.0,37,63,23,0.9705882,0.6764706,1.0,0.5474234,0.178955078125,1564,0.9705882,0.6764706,0,0,0,23
3285.0,37,63,14,0.9375,0.875,0.94978917,0.94978917,0.60498046875,952,0.9375,0.875,0,0,0,37
3285.0,66,37,1,0.0625,0.0625,0.050210807,0.050210807,0.031982421875,68,0.0625,0.0625,0,0,0,1
3285.0,37,66,1,0.9375,0.0625,0.94978917,0.0,0.0,68,0.9375,0.0625,0,0,0,11
3287.0,60,37,1,0.071428575,0.14285715,0.04760062,0.088622294,0.030029296875,68,0.06433302,0.12866604,0,0,0,1
3287.0,37,60,2,0.5,0.14285715,0.8099845,0.5863003,0.369873046875,136,0.45033112,0.12866604,0,0,0,2
3287.0,25,7,5,0.35714287,0.35714287,0.101393186,0.101393186,0.06396484375,445,0.42100284,0.42100284,0,0,0,46
3287.0,37,65,5,0.5,0.35714287,0.8099845,0.2236842,0.14111328125,340,0.45033112,0.32166508,0,0,0,31
3287.0,65,37,1,0.071428575,0.14285715,0.04102167,0.088622294,0.02587890625,68,0.06433302,0.12866604,0,0,0,2
3288.0,25,7,6,0.24,0.24,0.056945957,0.056945957,0.038330078125,534,0.2924425,0.2924425,0,0,0,52
3288.0,37,60,15,0.6,0.6,0.7214363,0.7214363,0.485595703125,1020,0.55859804,0.55859804,0,0,0,17
3288.0,63,58,4,0.16,0.16,0.2216177,0.2216177,0.149169921875,272,0.14895947,0.14895947,0,0,0,8
3289.0,58,63,4,0.26666668,0.26666668,0.5477085,0.5477085,0.35595703125,272,0.24504505,0.24504505,0,0,0,8
3289.0,25,7,4,0.26666668,0.33333334,0.14012021,0.18933132,0.091064453125,303,0.27297297,0.35315314,0,0,0,56
3289.0,2,0,1,0.06666667,0.06666667,0.04620586,0.04620586,0.030029296875,106,0.09549549,0.09549549,0,0,0,27
3289.0,21,7,1,0.06666667,0.33333334,0.04921112,0.18933132,0.031982421875,89,0.08018018,0.35315314,0,0,0,10
3289.0,37,66,5,0.33333334,0.33333334,0.21675432,0.21675432,0.140869140625,340,0.3063063,0.3063063,0,0,0,16
3290.0,66,37,1,0.14285715,0.2857143,0.24798387,0.4798387,0.030029296875,68,0.14285715,0.2857143,0,0,0,2
3290.0,37,63,5,0.71428573,0.71428573,0.5201613,0.5201613,0.06298828125,340,0.71428573,0.71428573,0,0,0,42
3290.0,63,37,1,0.14285715,0.2857143,0.23185484,0.4798387,0.028076171875,68,0.14285715,0.2857143,0,0,0,2
3291.0,37,60,5,1.0,1.0,1.0,1.0,0.091064453125,340,1.0,1.0,0,0,0,22
3292.0,60,37,1,0.11111111,0.11111111,0.034195658,0.034195658,0.028076171875,68,0.11111111,0.11111111,0,0,0,2
3292.0,55,42,3,0.33333334,0.33333334,0.07195956,0.07195956,0.05908203125,204,0.33333334,0.33333334,0,0,0,3
3292.0,42,55,5,0.5555556,0.5555556,0.8938448,0.8938448,0.73388671875,340,0.5555556,0.5555556,0,0,0,5
3293.0,42,37,1,0.31746033,0.031746034,0.471875,0.08632813,0.031005859375,68,0.31746033,0.031746034,0,0,0,1
3293.0,37,42,24,0.6666667,0.3809524,0.49140626,0.34414062,0.215087890625,1632,0.6666667,0.3809524,0,0,0,24
3293.0,51,37,1,0.015873017,0.031746034,0.03671875,0.08632813,0.02294921875,68,0.015873017,0.031746034,0,0,0,1
3293.0,42,55,19,0.31746033,0.3015873,0.471875,0.42226562,0.263916015625,1292,0.31746033,0.3015873,0,0,0,24
3293.0,37,51,18,0.6666667,0.2857143,0.49140626,0.14726563,0.092041015625,1224,0.6666667,0.2857143,0,0,0,18
3294.0,37,51,23,0.8214286,0.8214286,0.77158946,0.77158946,0.301025390625,1564,0.7927015,0.7927015,0,0,0,41
3294.0,9,7,4,0.14285715,0.14285715,0.15894869,0.15894869,0.06201171875,303,0.15357324,0.15357324,0,0,0,46
3294.0,4,0,1,0.035714287,0.035714287,0.06946183,0.06946183,0.027099609375,106,0.05372529,0.05372529,0,0,0,13
3295.0,33,7,1,1.0,1.0,1.0,1.0,0.031005859375,89,1.0,1.0,0,0,0,10
3297.0,42,55,4,0.26666668,0.26666668,0.21141838,0.21141838,0.057861328125,272,0.22857143,0.22857143,0,0,0,28
3297.0,55,42,2,0.13333334,0.13333334,0.1132917,0.1132917,0.031005859375,136,0.114285715,0.114285715,0,0,0,5
3297.0,26,7,4,0.26666668,0.46666667,0.1971454,0.43800178,0.053955078125,303,0.25462186,0.4789916,0,0,0,45
3297.0,2,0,1,0.06666667,0.13333334,0.12399643,0.23728813,0.033935546875,106,0.08907563,0.17815126,0,0,0,28
3297.0,29,7,3,0.2,0.46666667,0.24085638,0.43800178,0.06591796875,267,0.22436975,0.4789916,0,0,0,43
3297.0,5,0,1,0.06666667,0.13333334,0.1132917,0.23728813,0.031005859375,106,0.08907563,0.17815126,0,0,0,20
3298.0,29,7,1,0.14285715,0.14285715,0.0,0.0,0.0,36,0.08108108,0.08108108,0,0,0,44
3298.0,55,42,4,0.5714286,0.5714286,0.6329114,0.6329114,0.1220703125,272,0.6126126,0.6126126,0,0,0,9
3298.0,42,37,1,0.14285715,0.14285715,0.1443038,0.1443038,0.02783203125,68,0.15315315,0.15315315,0,0,0,2
3298.0,39,46,1,0.14285715,0.14285715,0.22278482,0.22278482,0.04296875,68,0.15315315,0.15315315,0,0,0,5
3299.0,39,46,3,0.06,0.4,0.11082138,0.3523468,0.0830078125,204,0.06,0.4,0,0,0,8
3299.0,46,39,24,0.5,0.48,0.5661669,0.5208605,0.39013671875,1632,0.5,0.48,0,0,0,24
3299.0,37,42,5,0.44,0.1,0.32301173,0.08148631,0.06103515625,340,0.44,0.1,0,0,0,29
3299.0,46,37,1,0.5,0.02,0.5661669,0.04530639,0.033935546875,68,0.5,0.02,0,0,0,1
3299.0,37,46,17,0.44,0.4,0.32301173,0.3523468,0.180908203125,1156,0.44,0.4,0,0,0,17
3300.0,37,46,8,0.8888889,0.8888889,1.0,1.0,0.0400390625,544,0.93793106,0.93793106,0,0,0,25
3300.0,24,7,1,0.11111111,0.11111111,0.0,0.0,0.0,36,0.062068965,0.062068965,0,0,0,42
3301.0,27,7,4,0.4,0.7,0.11523688,0.22023048,0.06591796875,303,0.35647058,0.67058825,0,0,0,44
3301.0,2,0,1,0.1,0.2,0.054204013,0.71873665,0.031005859375,106,0.12470588,0.24941176,0,0,0,29
3301.0,24,7,3,0.3,0.7,0.1049936,0.22023048,0.06005859375,267,0.31411764,0.67058825,0,0,0,45
3301.0,1,0,1,0.1,0.2,0.66453266,0.71873665,0.380126953125,106,0.12470588,0.24941176,0,0,0,41
3301.0,56,42,1,0.1,0.1,0.061032865,0.061032865,0.034912109375,68,0.08,0.08,0,0,0,1
3302.0,56,42,3,0.10344828,0.10344828,0.11501317,0.11501317,0.031982421875,204,0.10344828,0.10344828,0,0,0,4
3302.0,42,56,26,0.8965517,0.8965517,0.8849868,0.8849868,0.24609375,1768,0.8965517,0.8965517,0,0,0,26
3303.0,59,63,2,0.13333334,0.13333334,0.0033624747,0.0033624747,0.001220703125,136,0.13333334,0.13333334,0,0,0,2
3303.0,63,59,13,0.8666667,0.8666667,0.9966375,0.9966375,0.36181640625,884,0.8666667,0.8666667,0,0,0,13
3304.0,20,7,1,0.125,0.125,0.042713568,0.042713568,0.033203125,89,0.15752213,0.15752213,0,0,0,10
3304.0,46,39,4,0.5,0.5,0.08103015,0.08103015,0.06298828125,272,0.48141593,0.48141593,0,0,0,28
3304.0,39,46,1,0.125,0.125,0.33605528,0.33605528,0.26123046875,68,0.12035398,0.12035398,0,0,0,9
3304.0,59,63,2,0.25,0.25,0.540201,0.540201,0.419921875,136,0.24070796,0.24070796,0,0,0,4
3305.0,16,7,1,0.11111111,0.11111111,0.11049211,0.11049211,0.029052734375,89,0.14060031,0.14060031,0,0,0,9
3305.0,37,46,5,0.5555556,0.8888889,0.7715877,0.8895079,0.202880859375,340,0.5371248,0.8593997,0,0,0,30
3305.0,39,46,3,0.33333334,0.8888889,0.117920145,0.8895079,0.031005859375,204,0.3222749,0.8593997,0,0,0,12
3306.0,54,40,5,0.3846154,0.3846154,0.26058933,0.26058933,0.069091796875,340,0.3846154,0.3846154,0,0,0,5
3306.0,40,54,7,0.53846157,0.53846157,0.60681397,0.60681397,0.160888671875,476,0.53846157,0.53846157,0,0,0,7
3306.0,46,37,1,0.07692308,0.07692308,0.13259669,0.13259669,0.03515625,68,0.07692308,0.07692308,0,0,0,2
3307.0,42,56,4,0.16666667,0.16666667,0.13183495,0.13183495,0.095947265625,272,0.16666667,0.16666667,0,0,0,30
3307.0,40,54,20,0.8333333,0.8333333,0.868165,0.868165,0.6318359375,1360,0.8333333,0.8333333,0,0,0,27
3308.0,15,7,1,0.07692308,0.3846154,0.16582915,0.51005024,0.0322265625,89,0.089989886,0.44994944,0,0,0,10
3308.0,56,42,4,0.30769232,0.30769232,0.33040202,0.33040202,0.064208984375,272,0.27502528,0.27502528,0,0,0,8
3308.0,59,63,4,0.30769232,0.30769232,0.15954773,0.15954773,0.031005859375,272,0.27502528,0.27502528,0,0,0,8
3308.0,19,7,4,0.30769232,0.3846154,0.34422112,0.51005024,0.06689453125,356,0.35995954,0.44994944,0,0,0,44
3309.0,6,0,1,0.030303031,0.030303031,0.087544486,0.087544486,0.030029296875,106,0.047111113,0.047111113,0,0,0,28
3309.0,19,7,1,0.030303031,0.030303031,0.0,0.0,0.0,36,0.016,0.016,0,0,0,45
3309.0,63,59,4,0.121212125,0.121212125,0.18647687,0.18647687,0.06396484375,272,0.12088889,0.12088889,0,0,0,17
3309.0,50,37,1,0.030303031,0.030303031,0.09039146,0.09039146,0.031005859375,68,0.030222222,0.030222222,0,0,0,1
3309.0,37,50,26,0.7878788,0.7878788,0.6355872,0.6355872,0.218017578125,1768,0.7857778,0.7857778,0,0,0,26
3310.0,11,7,3,0.75,0.75,0.05857461,0.05857461,0.064208984375,267,0.7158177,0.7158177,0,0,0,43
3310.0,1,0,1,0.25,0.25,0.9414254,0.9414254,1.031982421875,106,0.2841823,0.2841823,0,0,0,42
3311.0,11,7,1,0.11111111,0.11111111,0.0,0.0,0.0,36,0.062068965,0.062068965,0,0,0,44
3311.0,40,54,4,0.44444445,0.44444445,0.48015872,0.48015872,0.05908203125,272,0.46896553,0.46896553,0,0,0,31
3311.0,54,40,4,0.44444445,0.44444445,0.51984125,0.51984125,0.06396484375,272,0.46896553,0.46896553,0,0,0,9
3312.0,45,37,1,1.0,1.0,1.0,1.0,0.028076171875,68,1.0,1.0,0,0,0,1
3313.0,37,45,11,0.28947368,0.28947368,0.07681186,0.07681186,0.103759765625,748,0.28947368,0.28947368,0,0,0,11
3313.0,49,66,4,0.10526316,0.10526316,0.06524489,0.06524489,0.088134765625,272,0.10526316,0.10526316,0,0,0,4
3313.0,66,49,23,0.6052632,0.6052632,0.85794324,0.85794324,1.158935546875,1564,0.6052632,0.6052632,0,0,0,23
3314.0,66,49,16,0.6956522,0.6956522,0.75789475,0.75789475,0.369140625,1088,0.68643534,0.68643534,0,0,0,39
3314.0,37,50,5,0.2173913,0.2173913,0.12481203,0.12481203,0.060791015625,340,0.21451104,0.21451104,0,0,0,31
3314.0,50,37,1,0.04347826,0.04347826,0.05964912,0.05964912,0.029052734375,68,0.04290221,0.04290221,0,0,0,2
3314.0,32,7,1,0.04347826,0.04347826,0.05764411,0.05764411,0.028076171875,89,0.05615142,0.05615142,0,0,0,10
3315.0,41,40,4,0.36363637,0.36363637,0.11684783,0.11684783,0.06298828125,272,0.32458234,0.32458234,0,0,0,8
3315.0,40,41,1,0.09090909,0.09090909,0.5326087,0.5326087,0.287109375,68,0.081145585,0.081145585,0,0,0,1
3315.0,18,7,5,0.45454547,0.45454547,0.2839674,0.2839674,0.153076171875,392,0.46778044,0.46778044,0,0,0,45
3315.0,6,0,1,0.09090909,0.09090909,0.066576086,0.066576086,0.035888671875,106,0.12649165,0.12649165,0,0,0,29
3316.0,40,41,30,1.0,1.0,1.0,1.0,1.298828125,2040,1.0,1.0,0,0,0,31
3317.0,66,49,4,0.2857143,0.2857143,0.25,0.25,0.06298828125,272,0.2857143,0.2857143,0,0,0,43
3317.0,37,45,5,0.35714287,0.35714287,0.6153101,0.6153101,0.155029296875,340,0.35714287,0.35714287,0,0,0,16
3317.0,49,66,4,0.2857143,0.2857143,0.13468993,0.13468993,0.033935546875,272,0.2857143,0.2857143,0,0,0,8
3317.0,45,37,1,0.071428575,0.071428575,0.0,0.0,0.0,68,0.071428575,0.071428575,0,0,0,2
3319.0,62,37,1,0.025641026,0.025641026,0.031900138,0.031900138,0.028076171875,68,0.025641026,0.025641026,0,0,0,1
3319.0,37,62,34,0.8717949,0.8717949,0.89764214,0.89764214,0.7900390625,2312,0.8717949,0.8717949,0,0,0,34
3319.0,40,41,4,0.102564104,0.102564104,0.0704577,0.0704577,0.06201171875,272,0.102564104,0.102564104,0,0,0,35
3320.0,41,40,4,0.16,0.16,0.05574771,0.05574771,0.06689453125,272,0.16,0.16,0,0,0,12
3320.0,48,66,4,0.16,0.16,0.04760936,0.04760936,0.05712890625,272,0.16,0.16,0,0,0,4
3320.0,66,48,17,0.68,0.68,0.8966429,0.8966429,1.075927734375,1156,0.68,0.68,0,0,0,17
3321.0,34,7,1,0.1,0.1,0.3380682,0.3380682,0.029052734375,89,0.12696148,0.12696148,0,0,0,15
3321.0,66,48,9,0.9,0.9,0.6619318,0.6619318,0.056884765625,612,0.87303853,0.87303853,0,0,0,26
3322.0,14,7,1,1.0,1.0,1.0,1.0,0.028076171875,89,1.0,1.0,0,0,0,10
3323.0,37,62,5,0.8333333,0.8333333,0.8427602,0.8427602,0.181884765625,340,0.8333333,0.8333333,0,0,0,39
3323.0,62,37,1,0.16666667,0.16666667,0.15723982,0.15723982,0.033935546875,68,0.16666667,0.16666667,0,0,0,2
3324.0,48,66,1,1.0,1.0,1.0,1.0,0.703857421875,68,1.0,1.0,0,0,0,5
3325.0,44,37,1,0.035714287,0.071428575,0.029593412,0.06330417,0.028076171875,68,0.035714287,0.071428575,0,0,0,1
3325.0,66,48,4,0.14285715,0.14285715,0.07462686,0.07462686,0.07080078125,272,0.14285715,0.14285715,0,0,0,30
3325.0,48,66,3,0.10714286,0.10714286,0.10962429,0.10962429,0.10400390625,204,0.10714286,0.10714286,0,0,0,8
3325.0,64,37,1,0.035714287,0.071428575,0.033710755,0.06330417,0.031982421875,68,0.035714287,0.071428575,0,0,0,1
3325.0,37,64,19,0.6785714,0.6785714,0.7524447,0.7524447,0.7138671875,1292,0.6785714,0.6785714,0,0,0,19
3326.0,37,44,5,1.0,1.0,1.0,1.0,2.090087890625,340,1.0,1.0,0,0,0,5
3328.0,12,7,1,1.0,1.0,1.0,1.0,0.029052734375,89,1.0,1.0,0,0,0,10
3329.0,37,44,5,1.0,1.0,1.0,1.0,0.116943359375,340,1.0,1.0,0,0,0,10
3330.0,37,64,5,0.71428573,0.71428573,0.58631414,0.58631414,0.092041015625,340,0.71428573,0.71428573,0,0,0,24
3330.0,64,37,1,0.14285715,0.2857143,0.18973562,0.41368586,0.02978515625,68,0.14285715,0.2857143,0,0,0,2
3330.0,44,37,1,0.14285715,0.2857143,0.22395024,0.41368586,0.03515625,68,0.14285715,0.2857143,0,0,0,2
3333.0,8,7,1,1.0,1.0,1.0,1.0,0.031005859375,89,1.0,1.0,0,0,0,10
3334.0,13,7,1,1.0,1.0,1.0,1.0,0.06103515625,89,1.0,1.0,0,0,0,10
3335.0,20,7,1,1.0,1.0,1.0,1.0,0.028076171875,89,1.0,1.0,0,0,0,11
3337.0,38,37,1,0.0625,0.0625,0.060817085,0.060817085,0.031982421875,68,0.0625,0.0625,0,0,0,1
3337.0,37,38,9,0.9375,0.5625,0.93918294,0.7511606,0.39501953125,612,0.9375,0.5625,0,0,0,9
3337.0,37,43,6,0.9375,0.375,0.93918294,0.18802229,0.098876953125,408,0.9375,0.375,0,0,0,6
3338.0,16,7,1,0.33333334,0.33333334,0.01785541,0.01785541,0.044921875,89,0.39555556,0.39555556,0,0,0,10
3338.0,37,38,1,0.33333334,0.33333334,0.081028625,0.081028625,0.203857421875,68,0.30222222,0.30222222,0,0,0,10
3338.0,43,37,1,0.33333334,0.33333334,0.90111595,0.90111595,2.26708984375,68,0.30222222,0.30222222,0,0,0,1
3340.0,23,7,4,1.0,1.0,1.0,1.0,0.12109375,356,1.0,1.0,0,0,0,49
3341.0,17,7,1,0.33333334,0.6666667,0.31218275,0.66497463,0.030029296875,89,0.38528138,0.54112554,0,0,0,11
3341.0,1,0,1,0.33333334,0.33333334,0.33502537,0.33502537,0.0322265625,106,0.45887446,0.45887446,0,0,0,43
3341.0,23,7,1,0.33333334,0.6666667,0.35279188,0.66497463,0.033935546875,36,0.15584415,0.54112554,0,0,0,50
3342.0,37,43,5,0.71428573,0.71428573,0.5651515,0.5651515,0.091064453125,340,0.6841046,0.6841046,0,0,0,11
3342.0,43,37,1,0.14285715,0.14285715,0.20454545,0.20454545,0.032958984375,68,0.13682093,0.13682093,0,0,0,2
3342.0,34,7,1,0.14285715,0.14285715,0.23030303,0.23030303,0.037109375,89,0.17907445,0.17907445,0,0,0,16
3345.0,53,40,2,0.4,0.4,0.4858757,0.4858757,0.083984375,136,0.3767313,0.3767313,0,0,0,2
3345.0,8,7,1,0.2,0.2,0.18502825,0.18502825,0.031982421875,89,0.2465374,0.2465374,0,0,0,11
3345.0,47,37,1,0.2,0.2,0.32909605,0.32909605,0.056884765625,68,0.18836565,0.18836565,0,0,0,1
3345.0,37,47,1,0.2,0.2,0.0,0.0,0.0,68,0.18836565,0.18836565,0,0,0,1
3346.0,37,47,14,0.36842105,0.36842105,0.35278153,0.35278153,0.126953125,952,0.36842105,0.36842105,0,0,0,15
3346.0,53,40,2,0.05263158,0.05263158,0.0027137042,0.0027137042,0.0009765625,136,0.05263158,0.05263158,0,0,0,4
3346.0,40,53,22,0.57894737,0.57894737,0.6445047,0.6445047,0.23193359375,1496,0.57894737,0.57894737,0,0,0,22
3347.0,10,7,1,1.0,1.0,1.0,1.0,0.031005859375,89,1.0,1.0,0,0,0,11
3348.0,13,7,1,1.0,1.0,1.0,1.0,0.029052734375,89,1.0,1.0,0,0,0,11
3349.0,14,7,1,0.11111111,0.11111111,0.7771161,0.7771161,0.446044921875,89,0.14060031,0.14060031,0,0,0,11
3349.0,40,53,4,0.44444445,0.44444445,0.11144194,0.11144194,0.06396484375,272,0.42969984,0.42969984,0,0,0,26
3349.0,53,40,4,0.44444445,0.44444445,0.11144194,0.11144194,0.06396484375,272,0.42969984,0.42969984,0,0,0,8
3350.0,37,47,5,0.8333333,0.8333333,0.67741936,0.67741936,0.117919921875,340,0.8333333,0.8333333,0,0,0,20
3350.0,47,37,1,0.16666667,0.16666667,0.32258064,0.32258064,0.05615234375,68,0.16666667,0.16666667,0,0,0,2
3351.0,12,7,1,1.0,1.0,1.0,1.0,0.030029296875,89,1.0,1.0,0,0,0,11
3353.0,26,7,2,0.6666667,0.6666667,0.4524715,0.4524715,0.029052734375,125,0.54112554,0.54112554,0,0,0,47
3353.0,2,0,1,0.33333334,0.33333334,0.5475285,0.5475285,0.03515625,106,0.45887446,0.45887446,0,0,0,30
3354.0,26,7,2,1.0,1.0,1.0,1.0,0.56494140625,178,1.0,1.0,0,0,0,49
3355.0,33,7,1,0.2,1.0,0.19370079,1.0,0.030029296875,89,0.2,1.0,0,0,0,11
3355.0,9,7,4,0.8,1.0,0.8062992,1.0,0.125,356,0.8,1.0,0,0,0,50
3356.0,4,0,1,0.5,0.5,1.0,1.0,0.031005859375,106,0.74647886,0.74647886,0,0,0,14
3356.0,9,7,1,0.5,0.5,0.0,0.0,0.0,36,0.2535211,0.2535211,0,0,0,51
3357.0,29,7,5,0.8333333,0.8333333,0.8035982,0.8035982,0.130859375,392,0.7871486,0.7871486,0,0,0,49
3357.0,5,0,1,0.16666667,0.16666667,0.1964018,0.1964018,0.031982421875,106,0.2128514,0.2128514,0,0,0,21
3360.0,15,7,1,1.0,1.0,1.0,1.0,0.031982421875,89,1.0,1.0,0,0,0,11
3361.0,31,7,1,1.0,1.0,1.0,1.0,0.030029296875,89,1.0,1.0,0,0,0,11
3362.0,30,7,1,1.0,1.0,1.0,1.0,0.031982421875,89,1.0,1.0,0,0,0,11
3363.0,21,7,1,1.0,1.0,1.0,1.0,0.028076171875,89,1.0,1.0,0,0,0,11
3364.0,32,7,1,0.025,0.025,0.0864012,0.0864012,0.028076171875,89,0.032469902,0.032469902,0,0,0,11
3364.0,61,37,1,0.025,0.025,0.08339594,0.08339594,0.027099609375,68,0.024808465,0.024808465,0,0,0,1
3364.0,37,61,38,0.95,0.95,0.8302029,0.8302029,0.269775390625,2584,0.9427216,0.9427216,0,0,0,38
3366.0,25,7,4,1.0,1.0,1.0,1.0,0.0859375,356,1.0,1.0,0,0,0,60
3367.0,2,0,1,0.5,0.5,0.57731956,0.57731956,0.041015625,106,0.74647886,0.74647886,0,0,0,31
3367.0,25,7,1,0.5,0.5,0.4226804,0.4226804,0.030029296875,36,0.2535211,0.2535211,0,0,0,61
3369.0,37,61,5,0.8333333,0.8333333,0.8596698,0.8596698,0.177978515625,340,0.8333333,0.8333333,0,0,0,43
3369.0,61,37,1,0.16666667,0.16666667,0.1403302,0.1403302,0.029052734375,68,0.16666667,0.16666667,0,0,0,2
3372.0,22,7,1,1.0,1.0,0.0,0.0,0.0,36,1.0,1.0,0,0,0,47
3373.0,22,7,4,0.8,0.8,0.032320265,0.032320265,0.0859375,356,0.77056277,0.77056277,0,0,0,51
3373.0,1,0,1,0.2,0.2,0.96767974,0.96767974,2.572998046875,106,0.22943723,0.22943723,0,0,0,44
3376.0,52,40,4,0.44444445,0.44444445,0.08178822,0.08178822,0.096923828125,272,0.44444445,0.44444445,0,0,0,4
3376.0,40,52,5,0.5555556,0.5555556,0.91821176,0.91821176,1.088134765625,340,0.5555556,0.5555556,0,0,0,5
3377.0,40,52,28,1.0,1.0,1.0,1.0,0.18896484375,1904,1.0,1.0,0,0,0,33
3378.0,24,7,1,1.0,1.0,1.0,1.0,0.756103515625,36,1.0,1.0,0,0,0,46
3379.0,24,7,3,0.75,0.75,0.85232556,0.85232556,0.178955078125,267,0.7158177,0.7158177,0,0,0,49
3379.0,1,0,1,0.25,0.25,0.14767441,0.14767441,0.031005859375,106,0.2841823,0.2841823,0,0,0,45
3380.0,5,0,1,0.125,0.125,0.27860695,0.27860695,0.041015625,106,0.19272727,0.19272727,0,0,0,22
3380.0,28,7,1,0.125,0.125,0.0,0.0,0.0,36,0.06545454,0.06545454,0,0,0,45
3380.0,40,52,3,0.375,0.375,0.25207296,0.25207296,0.037109375,204,0.3709091,0.3709091,0,0,0,36
3380.0,52,40,3,0.375,0.375,0.46932006,0.46932006,0.069091796875,204,0.3709091,0.3709091,0,0,0,7
3381.0,52,40,1,0.0625,0.0625,0.0,0.0,0.0,68,0.051089406,0.051089406,0,0,0,8
3381.0,27,7,5,0.3125,0.8125,0.1594203,0.71237457,0.034912109375,392,0.2945154,0.78963184,0,0,0,49
3381.0,2,0,1,0.0625,0.125,0.14604236,0.28762543,0.031982421875,106,0.07963937,0.15927874,0,0,0,32
3381.0,28,7,4,0.25,0.8125,0.25641027,0.71237457,0.05615234375,356,0.26746807,0.78963184,0,0,0,49
3381.0,11,7,4,0.25,0.8125,0.29654405,0.71237457,0.06494140625,303,0.22764838,0.78963184,0,0,0,48
3381.0,1,0,1,0.0625,0.125,0.14158306,0.28762543,0.031005859375,106,0.07963937,0.15927874,0,0,0,46
3382.0,18,7,3,0.75,0.75,0.025641026,0.025641026,0.0009765625,214,0.66875,0.66875,0,0,0,48
3382.0,6,0,1,0.25,0.25,0.974359,0.974359,0.037109375,106,0.33125,0.33125,0,0,0,30
3383.0,18,7,1,1.0,1.0,1.0,1.0,1.293212890625,89,1.0,1.0,0,0,0,49
3384.0,57,42,4,1.0,1.0,1.0,1.0,0.06494140625,272,1.0,1.0,0,0,0,4
3385.0,42,57,3,0.75,0.75,0.6233062,0.6233062,0.05615234375,204,0.69624573,0.69624573,0,0,0,3
3385.0,35,7,1,0.25,0.25,0.37669376,0.37669376,0.033935546875,89,0.30375427,0.30375427,0,0,0,11
3386.0,36,7,1,1.0,1.0,1.0,1.0,0.029052734375,89,1.0,1.0,0,0,0,11
3387.0,19,7,3,0.75,0.75,0.67663044,0.67663044,0.060791015625,267,0.7158177,0.7158177,0,0,0,48
3387.0,6,0,1,0.25,0.25,0.32336956,0.32336956,0.029052734375,106,0.2841823,0.2841823,0,0,0,31
3388.0,19,7,1,1.0,1.0,1.0,1.0,0.62109375,36,1.0,1.0,0,0,0,49
3389.0,42,57,4,0.5,0.5,0.48846152,0.48846152,0.06201171875,272,0.5,0.5,0,0,0,7
3389.0,57,42,4,0.5,0.5,0.51153845,0.51153845,0.06494140625,272,0.5,0.5,0,0,0,8
3390.0,24,7,5,1.0,1.0,1.0,1.0,0.350830078125,392,1.0,1.0,0,0,0,54
3391.0,1,0,1,1.0,1.0,1.0,1.0,0.034912109375,106,1.0,1.0,0,0,0,47
3393.0,21,7,1,1.0,1.0,1.0,1.0,0.0341796875,89,1.0,1.0,0,0,0,12
3394.0,13,7,1,0.5,1.0,0.5093633,1.0,0.033203125,89,0.5,1.0,0,0,0,12
3394.0,32,7,1,0.5,1.0,0.4906367,1.0,0.031982421875,89,0.5,1.0,0,0,0,12
3396.0,31,7,1,1.0,1.0,1.0,1.0,0.031005859375,89,1.0,1.0,0,0,0,12
3403.0,36,7,1,1.0,1.0,1.0,1.0,0.031005859375,89,1.0,1.0,0,0,0,12
3405.0,9,7,3,1.0,1.0,1.0,1.0,0.06005859375,267,1.0,1.0,0,0,0,54
3406.0,4,0,1,0.5,0.5,1.0,1.0,0.033935546875,106,0.74647886,0.74647886,0,0,0,15
3406.0,9,7,1,0.5,0.5,0.0,0.0,0.0,36,0.2535211,0.2535211,0,0,0,55
3407.0,12,7,1,0.25,1.0,0.36619717,1.0,0.0380859375,89,0.25,1.0,0,0,0,12
3407.0,23,7,3,0.75,1.0,0.63380283,1.0,0.06591796875,267,0.75,1.0,0,0,0,53
3408.0,1,0,1,0.5,0.5,1.0,1.0,0.031005859375,106,0.74647886,0.74647886,0,0,0,48
3408.0,23,7,1,0.5,0.5,0.0,0.0,0.0,36,0.2535211,0.2535211,0,0,0,54
3410.0,30,7,1,1.0,1.0,1.0,1.0,0.031982421875,89,1.0,1.0,0,0,0,12
3411.0,25,7,4,0.8,0.8,0.5243902,0.5243902,0.06298828125,303,0.7408313,0.7408313,0,0,0,65
3411.0,2,0,1,0.2,0.2,0.47560975,0.47560975,0.05712890625,106,0.2591687,0.2591687,0,0,0,33
3415.0,14,7,1,1.0,1.0,1.0,1.0,0.031005859375,89,1.0,1.0,0,0,0,12
3416.0,8,7,1,1.0,1.0,1.0,1.0,0.029052734375,89,1.0,1.0,0,0,0,12
3422.0,15,7,1,1.0,1.0,1.0,1.0,0.037109375,89,1.0,1.0,0,0,0,12
3424.0,18,7,4,0.8,1.0,0.6949495,1.0,0.083984375,356,0.8,1.0,0,0,0,53
3424.0,10,7,1,0.2,1.0,0.3050505,1.0,0.036865234375,89,0.2,1.0,0,0,0,12
3425.0,6,0,1,0.5,0.5,1.0,1.0,0.037109375,106,0.74647886,0.74647886,0,0,0,32
3425.0,18,7,1,0.5,0.5,0.0,0.0,0.0,36,0.2535211,0.2535211,0,0,0,54
3426.0,16,7,1,0.16666667,0.8333333,0.18571429,0.68333334,0.0380859375,89,0.17871486,0.7871486,0,0,0,11
3426.0,22,7,4,0.6666667,0.8333333,0.49761903,0.68333334,0.10205078125,303,0.6084337,0.7871486,0,0,0,55
3426.0,1,0,1,0.16666667,0.16666667,0.31666666,0.31666666,0.06494140625,106,0.2128514,0.2128514,0,0,0,49
3427.0,26,7,5,0.8333333,0.8333333,0.5589225,0.5589225,0.0810546875,392,0.7871486,0.7871486,0,0,0,54
3427.0,2,0,1,0.16666667,0.16666667,0.44107744,0.44107744,0.06396484375,106,0.2128514,0.2128514,0,0,0,34
3432.0,28,7,1,1.0,1.0,0.0,0.0,0.0,36,1.0,1.0,0,0,0,50
3433.0,28,7,3,0.75,0.75,0.08380112,0.08380112,0.051025390625,267,0.7158177,0.7158177,0,0,0,53
3433.0,5,0,1,0.25,0.25,0.91619885,0.91619885,0.557861328125,106,0.2841823,0.2841823,0,0,0,23
3434.0,20,7,1,1.0,1.0,1.0,1.0,0.041015625,89,1.0,1.0,0,0,0,12
3437.0,17,7,1,0.33333334,1.0,0.07682877,1.0,0.091796875,89,0.33333334,1.0,0,0,0,12
3437.0,11,7,2,0.6666667,1.0,0.9231712,1.0,1.10302734375,178,0.6666667,1.0,0,0,0,50
3438.0,11,7,3,0.75,0.75,0.0,0.0,0.0,214,0.66875,0.66875,0,0,0,53
3438.0,1,0,1,0.25,0.25,1.0,1.0,0.001220703125,106,0.33125,0.33125,0,0,0,50
3442.0,27,7,5,0.625,0.875,0.29966998,0.8132013,0.11083984375,392,0.57988167,0.84319526,0,0,0,54
3442.0,2,0,1,0.125,0.125,0.18679868,0.18679868,0.069091796875,106,0.15680474,0.15680474,0,0,0,35
3442.0,33,7,1,0.125,0.875,0.37557757,0.8132013,0.138916015625,89,0.13165681,0.84319526,0,0,0,12
3442.0,34,7,1,0.125,0.875,0.13795379,0.8132013,0.051025390625,89,0.13165681,0.84319526,0,0,0,17
3443.0,29,7,4,0.8,0.8,0.6528926,0.6528926,0.0771484375,303,0.7408313,0.7408313,0,0,0,53
3443.0,5,0,1,0.2,0.2,0.34710744,0.34710744,0.041015625,106,0.2591687,0.2591687,0,0,0,24
